date,Temp_High,Temp_Avg,Temp_Low,Dew_Pt_High,Dew_Pt_Avg,Dew_Pt_Low,Humidity_High_pct,Humidity_Avg_pct,Humidity_Low_pct,SL_prsr_high_in,SL_prsr_avg_in,SL_prsr_low_in,Viz_High_MI,Viz_Avg_MI,Viz_Low_MI,Wind_High_mph,Wind_Avg_mph,Wind_Low_mph,Precip_in,Events
1/1/2014,22,16,10,16,14,3,80,76,71,30.31,30.23,30.17,9,3,0,20,11,24,0.25,Snow
1/2/2014,21,10,-1,16,8,-11,80,71,61,30.43,30.22,30.09,10,4,0,22,13,26,0.22,Snow
1/3/2014,20,4,-12,10,-1,-15,74,63,52,30.45,30.26,29.94,10,9,5,35,15,44,0,Snow
1/4/2014,31,25,19,27,21,10,85,71,57,30.01,29.91,29.83,10,4,0,27,14,40,0.26,"Fog , Snow"
1/5/2014,29,13,-3,25,7,-15,88,71,53,30.05,30,29.91,10,2,0,31,17,38,0.59,Snow
1/6/2014,-2,-9,-16,-17,-23,-27,63,56,49,30.29,30.22,30.08,10,10,9,28,19,35,0,
1/7/2014,3,-4,-12,-8,-15,-21,78,65,51,30.35,30.3,30.27,10,10,10,18,10,22,0,
1/8/2014,17,6,-6,-3,-6,-10,82,62,42,30.54,30.43,30.32,10,10,7,10,5,14,0,Fog
1/9/2014,27,12,-4,23,10,-10,81,71,61,30.54,30.34,30.15,10,6,2,14,6,16,0.01,Snow
1/10/2014,40,34,27,36,30,23,92,87,82,30.14,29.86,29.51,9,3,1,20,11,26,0.8,Rain
1/11/2014,40,36,31,37,30,23,92,81,69,29.78,29.52,29.4,10,7,0,22,14,28,0.06,"Fog , Rain"
1/12/2014,44,36,28,30,26,22,78,68,58,29.87,29.75,29.6,10,10,6,28,16,36,0,
1/13/2014,45,36,27,31,28,20,76,67,57,29.78,29.63,29.54,10,10,10,25,11,34,0,
1/14/2014,35,29,22,29,21,14,82,70,58,29.88,29.72,29.58,10,6,1,33,15,44,0.01,Snow
1/15/2014,22,19,15,14,8,6,77,67,56,30.09,30,29.86,10,10,5,20,12,24,0.001,Snow
1/16/2014,34,27,19,29,20,7,82,69,55,29.81,29.57,29.46,10,7,2,26,16,34,0.01,Snow
1/17/2014,20,16,12,10,6,1,80,67,54,29.99,29.88,29.72,10,8,3,17,12,21,0.04,Snow
1/18/2014,21,14,7,15,9,1,80,73,66,29.95,29.84,29.72,10,6,0,16,7,19,0.12,"Fog , Snow"
1/19/2014,37,24,10,26,16,4,83,71,58,29.86,29.68,29.52,10,9,6,26,14,35,0,
1/20/2014,35,24,13,25,18,7,80,72,63,30.07,29.91,29.6,10,7,0,24,12,31,0.17,Snow
1/21/2014,13,7,0,6,-6,-9,76,59,42,30.31,30.22,30.05,10,8,0,26,14,35,0.07,Snow
1/22/2014,15,8,0,6,-1,-12,73,65,57,30.19,29.99,29.86,10,6,1,23,12,31,0.001,Snow
1/23/2014,10,3,-5,-5,-10,-15,62,57,51,30.62,30.48,30.22,10,10,10,21,14,27,0.001,
1/24/2014,28,11,-6,22,6,-16,81,62,43,30.53,29.85,29.44,10,6,1,38,20,51,0.02,Snow
1/25/2014,33,20,7,27,9,-8,85,61,36,29.88,29.58,29.37,10,8,4,32,18,41,0.001,"Rain , Snow"
1/26/2014,31,19,6,19,8,-5,80,66,51,29.82,29.56,29.42,10,5,0,33,16,44,0.17,Snow
1/27/2014,6,0,-7,-6,-16,-20,69,57,45,30.45,30.28,29.88,10,10,8,26,16,36,0,
1/28/2014,3,-4,-11,-8,-14,-20,69,60,51,30.46,30.38,30.26,10,10,10,21,12,25,0,
1/29/2014,23,12,1,4,-2,-9,69,54,39,30.24,30.16,30.01,10,10,10,24,13,30,0,
1/30/2014,33,27,20,24,17,5,78,61,43,29.98,29.78,29.64,10,8,1,37,18,45,0.001,Snow
1/31/2014,28,23,17,17,10,3,77,63,49,30.17,30.09,29.93,10,8,2,16,6,19,0.01,Snow
2/1/2014,31,26,20,26,20,14,88,80,71,30.1,29.95,29.83,10,4,0,14,7,20,0.43,Snow
2/2/2014,21,10,-1,12,3,-3,76,63,49,30.33,30.25,30.11,10,10,10,14,8,21,0,
2/3/2014,21,8,-6,5,-3,-11,82,63,43,30.41,30.38,30.32,10,10,9,9,4,10,0,
2/4/2014,24,16,7,19,12,-3,81,67,53,30.43,30.26,30.07,10,6,2,18,7,23,0.08,Snow
2/5/2014,25,17,9,20,14,2,81,71,61,30.45,30.19,30.01,10,4,0,25,13,32,0.35,Snow
2/6/2014,14,6,-2,5,-6,-11,79,68,56,30.47,30.42,30.39,10,10,9,20,12,24,0.001,Snow
2/7/2014,11,4,-4,-3,-7,-11,71,61,50,30.42,30.38,30.36,10,10,10,21,11,26,0,
2/8/2014,16,11,5,10,6,-4,83,73,63,30.35,30.2,30.12,10,5,0,10,5,12,0.07,Snow
2/9/2014,19,12,4,10,3,-6,80,65,49,30.3,30.18,30.09,10,10,8,20,9,25,0.001,Snow
2/10/2014,12,5,-3,-6,-9,-13,66,56,46,30.5,30.42,30.32,10,10,10,15,9,17,0,
2/11/2014,14,3,-8,-4,-9,-17,69,57,44,30.55,30.48,30.4,10,10,10,10,6,14,0,
2/12/2014,24,10,-5,10,4,-8,79,62,45,30.39,30.18,30.03,10,10,9,12,6,14,0,
2/13/2014,31,21,10,23,12,3,74,58,42,30.02,29.7,29.49,10,9,1,22,8,28,0.001,Snow
2/14/2014,22,17,12,12,5,2,68,60,52,29.96,29.78,29.62,10,10,10,17,10,24,0,
2/15/2014,24,14,3,10,5,-3,80,63,46,30.11,30.02,29.94,10,8,1,15,7,22,0.04,Snow
2/16/2014,29,23,17,15,12,10,80,65,50,30.29,30.14,29.93,10,9,6,16,11,24,0.001,Snow
2/17/2014,28,26,23,20,17,14,88,75,62,30.26,29.86,29.66,10,4,0,26,15,34,0.35,"Fog , Snow"
2/18/2014,46,31,16,27,23,15,92,67,42,29.95,29.79,29.63,10,8,4,30,12,38,0,
2/19/2014,44,37,30,28,25,23,75,58,41,29.98,29.87,29.65,10,10,9,15,7,19,0,
2/20/2014,49,42,34,45,33,27,100,84,67,29.92,29.49,29.2,10,4,0,39,14,49,1.16,"Fog , Rain , Thunderstorm"
2/21/2014,37,32,26,27,18,7,75,57,38,29.84,29.59,29.33,10,8,1,38,23,51,0.001,Snow
2/22/2014,35,28,21,15,10,8,58,47,35,30.06,29.98,29.84,10,10,10,17,12,21,0,
2/23/2014,28,22,15,9,5,2,57,48,38,30.24,30.18,30.07,10,10,10,21,13,26,0,
2/24/2014,25,19,12,7,4,2,64,53,42,30.29,30.25,30.22,10,10,10,22,12,25,0,
2/25/2014,22,14,6,8,1,-7,64,55,45,30.25,30.21,30.15,10,10,10,18,13,25,0,
2/26/2014,18,10,1,4,-6,-10,62,52,42,30.26,30.02,29.65,10,10,10,26,15,37,0,
2/27/2014,18,11,4,3,-9,-16,55,42,29,30.22,30.01,29.66,10,9,2,29,12,38,0.001,Snow
2/28/2014,30,17,3,16,3,-12,62,49,36,30.22,30.11,30,10,10,10,21,9,30,0,
3/1/2014,31,21,11,23,11,3,80,66,52,30.35,30.21,29.99,10,4,0,16,9,24,0.41,Snow
3/2/2014,14,8,1,3,-3,-16,73,57,40,30.46,30.36,30.3,10,7,1,17,11,25,0.09,Snow
3/3/2014,19,9,-2,7,-4,-17,69,57,44,30.52,30.46,30.38,10,9,2,14,5,22,0.001,Snow
3/4/2014,27,20,12,11,5,-1,64,53,42,30.39,30.27,30.19,10,10,8,12,6,20,0.001,Snow
3/5/2014,23,21,19,14,12,10,73,66,59,30.45,30.36,30.26,10,5,1,18,12,23,0.15,Snow
3/6/2014,33,25,16,15,11,7,73,60,47,30.44,30.27,30.1,10,10,8,14,7,25,0,
3/7/2014,47,30,13,30,21,9,80,59,37,30.08,29.96,29.87,10,8,5,17,8,22,0,
3/8/2014,38,30,21,27,20,15,77,70,63,30.27,30.15,29.97,10,8,2,23,10,29,0.02,Snow
3/9/2014,42,31,19,30,21,14,84,64,44,30.25,30.05,29.76,10,9,6,24,12,33,0,
3/10/2014,53,47,40,36,32,29,76,61,46,29.76,29.69,29.64,10,10,10,21,11,28,0,
3/11/2014,50,42,34,35,31,28,76,63,50,29.77,29.7,29.64,10,10,4,23,9,32,0.14,"Rain , Snow"
3/12/2014,34,24,14,29,19,5,85,64,42,30.13,29.85,29.68,10,6,1,29,15,38,0.48,Snow
3/13/2014,39,26,12,30,16,4,78,66,45,30.15,30.04,29.83,10,10,10,21,7,31,0,
3/14/2014,53,45,37,34,29,27,70,57,44,29.84,29.7,29.57,10,10,10,33,18,40,0,
3/15/2014,40,34,27,28,23,19,75,62,48,30.27,30.1,29.85,10,9,2,22,10,30,0.001,Snow
3/16/2014,27,23,19,18,10,7,65,58,50,30.4,30.31,30.19,10,10,4,29,18,38,0.001,Snow
3/17/2014,40,30,20,23,11,4,69,49,29,30.15,29.95,29.81,10,10,10,15,8,20,0,
3/18/2014,52,40,27,36,28,22,78,61,44,29.89,29.8,29.68,10,10,8,23,11,31,0.001,Rain
3/19/2014,46,40,34,40,34,22,89,73,56,29.99,29.69,29.56,10,8,3,25,13,32,0.19,Rain
3/20/2014,47,39,30,28,24,20,85,60,34,30.05,30.02,29.99,10,7,0,21,8,28,0.04,"Fog , Snow"
3/21/2014,58,44,30,39,31,24,85,64,43,30.02,29.88,29.65,10,8,2,23,12,30,0,
3/22/2014,41,34,26,29,22,10,64,54,43,30.32,30.12,29.85,10,10,10,24,14,30,0,
3/23/2014,32,26,19,11,7,5,67,51,35,30.45,30.39,30.34,10,10,10,17,10,25,0,
3/24/2014,36,28,20,15,9,4,67,48,29,30.37,30.26,30.07,10,10,10,15,7,20,0,
3/25/2014,31,26,20,25,13,3,68,51,34,30.25,30.08,29.98,10,8,0,23,13,30,0.05,Snow
3/26/2014,39,27,15,17,9,3,67,50,32,30.34,30.21,30,10,10,10,26,10,33,0,
3/27/2014,55,45,34,46,33,16,82,61,40,29.97,29.71,29.42,10,8,3,29,18,38,0.2,Rain
3/28/2014,55,45,34,47,32,25,82,71,60,30.19,29.84,29.41,10,9,2,32,12,41,0.06,"Rain , Snow"
3/29/2014,41,35,28,27,24,12,75,55,35,30.26,30.2,30.14,10,10,10,21,10,25,0,
3/30/2014,57,41,25,32,23,16,69,49,28,30.26,30.16,30.04,10,10,10,17,6,21,0,
3/31/2014,68,55,41,37,30,27,62,43,24,30.04,29.89,29.71,10,10,10,31,17,43,0.001,"Rain , Thunderstorm"
4/1/2014,57,45,32,41,25,18,61,52,42,30.08,29.86,29.66,10,10,10,32,19,43,0,
4/2/2014,45,40,34,29,26,24,70,60,49,30.17,30.12,30.05,10,10,10,17,10,29,0.001,Rain
4/3/2014,43,39,35,36,32,28,89,75,60,30.04,29.86,29.67,10,6,0,29,14,35,0.53,"Rain , Thunderstorm"
4/4/2014,48,41,34,41,33,21,92,73,54,30,29.6,29.45,10,6,0,30,17,40,0.001,Fog
4/5/2014,51,41,31,25,22,17,69,49,29,30.2,30.13,30.02,10,10,10,13,6,16,0,
4/6/2014,57,44,31,29,25,19,63,48,32,30.17,30.07,29.94,10,10,10,14,7,20,0,
4/7/2014,54,45,36,31,27,23,70,53,35,29.93,29.74,29.62,10,10,10,20,7,24,0,
4/8/2014,60,50,40,42,36,26,82,60,37,29.92,29.75,29.62,10,10,7,16,7,23,0.02,Rain
4/9/2014,62,48,33,34,29,25,76,50,23,30.01,29.94,29.84,10,10,10,23,9,31,0,
4/10/2014,66,54,41,39,32,21,58,41,23,29.92,29.77,29.68,10,10,10,28,13,36,0.001,
4/11/2014,70,54,37,29,24,16,54,35,16,30.03,29.98,29.93,10,10,10,20,7,28,0,
4/12/2014,80,62,44,52,43,29,58,44,30,30.01,29.83,29.67,10,10,10,33,15,44,0,Thunderstorm
4/13/2014,69,56,42,57,47,39,89,72,55,29.76,29.62,29.43,10,7,2,30,13,38,0.43,"Rain , Thunderstorm"
4/14/2014,63,47,30,56,32,25,85,71,57,29.99,29.79,29.34,10,6,1,28,16,37,0.3,"Rain , Snow"
4/15/2014,38,32,26,25,17,10,75,54,32,30.22,30.1,29.97,10,10,9,15,9,21,0.001,
4/16/2014,52,39,26,25,22,18,75,53,30,30.32,30.22,30.13,10,10,10,26,16,36,0,
4/17/2014,62,51,40,39,32,23,66,54,42,30.25,30.18,30.12,10,10,10,22,12,28,0,
4/18/2014,51,45,38,36,32,25,73,62,50,30.38,30.33,30.25,10,10,9,20,8,22,0,
4/19/2014,66,52,37,36,32,25,70,52,34,30.4,30.32,30.22,10,10,10,16,9,24,0,
4/20/2014,79,60,41,40,35,28,58,42,25,30.24,30.14,30.01,10,10,10,17,10,22,0,
4/21/2014,74,66,58,55,47,40,84,61,37,30.01,29.89,29.79,10,10,7,18,9,22,0.001,
4/22/2014,61,49,36,54,32,25,80,56,31,30.09,29.96,29.8,10,10,6,22,12,26,0,
4/23/2014,51,42,33,27,24,18,75,55,34,30.19,30.14,30.04,10,10,10,17,9,20,0.02,Rain
4/24/2014,64,52,39,38,33,28,70,49,27,30.09,29.89,29.64,10,10,10,28,15,37,0.06,Rain
4/25/2014,70,58,45,42,39,33,83,55,26,29.83,29.74,29.62,10,9,6,28,13,35,0.22,Rain
4/26/2014,57,49,40,36,31,29,70,55,40,30.05,29.97,29.83,10,10,10,23,13,33,0,
4/27/2014,60,51,42,40,34,30,67,52,37,30.06,29.94,29.85,10,10,10,26,17,33,0.03,"Rain , Thunderstorm"
4/28/2014,55,50,45,46,40,32,82,69,56,29.86,29.67,29.54,10,8,2,28,16,35,0.61,"Rain , Thunderstorm"
4/29/2014,59,53,47,49,45,41,93,74,55,29.66,29.52,29.45,10,4,0,25,8,31,0.61,"Fog , Rain , Thunderstorm"
4/30/2014,53,48,43,45,40,33,80,70,59,29.8,29.73,29.66,10,9,2,20,11,25,0.01,Rain
5/1/2014,49,46,42,41,38,34,83,77,70,29.82,29.74,29.69,10,9,5,23,13,30,0.09,Rain
5/2/2014,53,50,46,41,40,38,82,71,59,29.82,29.79,29.68,10,10,10,21,12,26,0.001,
5/3/2014,67,57,46,42,37,33,76,53,29,29.86,29.75,29.63,10,10,10,29,15,37,0,
5/4/2014,58,51,44,35,29,24,48,39,30,30.09,30.02,29.88,10,10,10,16,10,23,0,
5/5/2014,55,49,43,36,33,27,70,58,45,30.04,29.99,29.95,10,10,10,21,13,25,0.05,Rain
5/6/2014,63,52,41,37,35,31,70,54,37,30.02,29.95,29.87,10,10,10,22,14,28,0,
5/7/2014,78,63,48,52,42,33,71,56,40,29.87,29.82,29.78,10,10,10,22,9,25,0.001,Rain
5/8/2014,89,70,51,60,54,44,71,50,28,29.85,29.8,29.74,10,10,8,39,14,49,0.1,Rain
5/9/2014,73,64,54,62,55,41,87,64,41,29.86,29.73,29.68,10,8,2,28,16,36,1.03,Rain
5/10/2014,77,62,47,44,41,38,77,52,27,29.96,29.91,29.87,10,10,10,18,7,28,0,
5/11/2014,81,67,52,61,54,41,84,65,45,29.95,29.91,29.85,10,9,2,24,9,28,0.12,"Rain , Thunderstorm"
5/12/2014,84,74,64,71,65,58,100,78,55,29.92,29.85,29.8,10,8,0,49,12,55,1.32,"Rain , Thunderstorm"
5/13/2014,67,60,53,65,56,43,100,83,66,30.14,29.95,29.8,10,10,5,20,12,22,0.12,Rain
5/14/2014,56,50,44,43,38,33,83,65,46,30.18,30.11,30,10,9,3,21,12,25,0.02,Rain
5/15/2014,55,48,40,41,36,30,83,67,50,30.08,29.97,29.89,10,7,2,24,14,28,0.19,Rain
5/16/2014,46,42,37,36,33,30,85,75,65,30.11,30.05,30.02,10,10,10,15,8,20,0.1,Rain
5/17/2014,60,50,39,36,33,28,85,59,33,30.18,30.12,30.07,10,10,5,17,9,21,0,
5/18/2014,69,58,47,39,36,32,60,46,31,30.24,30.2,30.17,10,10,10,18,11,25,0,
5/19/2014,69,57,45,45,40,37,71,53,34,30.23,30.12,29.96,10,10,10,30,13,37,0.001,Rain
5/20/2014,85,74,62,65,58,43,81,63,44,29.94,29.85,29.79,10,9,2,22,11,28,0.82,"Rain , Thunderstorm"
5/21/2014,86,75,63,64,58,44,87,59,30,29.95,29.85,29.79,10,7,2,21,8,26,0.01,Rain
5/22/2014,70,62,53,49,47,44,71,59,47,30.12,30.06,29.96,10,10,10,14,7,24,0,
5/23/2014,69,59,48,46,43,37,77,60,42,30.22,30.19,30.12,10,10,10,15,7,20,0,
5/24/2014,74,61,47,45,42,39,71,53,35,30.25,30.19,30.13,10,10,10,12,5,17,0,
5/25/2014,83,67,50,50,45,40,74,51,28,30.15,30.09,30.01,10,10,10,13,5,17,0,
5/26/2014,87,74,61,65,59,52,79,60,40,30.04,29.98,29.88,10,10,10,24,8,31,0,Thunderstorm
5/27/2014,85,72,58,64,61,55,93,69,44,29.94,29.91,29.85,10,9,6,22,10,25,0.21,Rain
5/28/2014,71,64,56,59,50,44,90,67,44,30.07,30,29.91,10,9,5,20,9,22,0.03,Rain
5/29/2014,76,65,54,56,50,45,77,62,46,30.14,30.09,30.04,10,10,10,18,9,21,0,
5/30/2014,79,66,53,53,49,44,77,56,35,30.19,30.15,30.11,10,10,10,15,7,18,0,
5/31/2014,88,71,54,53,50,47,77,52,26,30.2,30.13,30.05,10,10,9,18,8,23,0,
6/1/2014,90,77,63,64,58,51,73,57,40,30.07,29.98,29.87,10,10,10,29,13,36,0.001,Thunderstorm
6/2/2014,83,76,68,66,63,58,79,63,46,29.9,29.83,29.78,10,10,2,35,15,47,0.14,Rain
6/3/2014,81,74,66,60,51,46,70,50,30,29.96,29.89,29.82,10,10,10,23,10,31,0,
6/4/2014,70,63,55,56,53,47,86,65,44,29.92,29.85,29.76,10,8,2,17,9,22,0.19,Rain
6/5/2014,76,64,52,50,42,36,83,54,25,29.99,29.96,29.92,10,10,7,13,6,20,0,
6/6/2014,81,65,49,45,40,32,71,46,21,30.01,29.98,29.93,10,10,10,14,5,18,0,
6/7/2014,84,71,57,60,49,41,81,56,31,30,29.92,29.82,10,10,7,20,8,23,0.08,Rain
6/8/2014,72,63,54,59,46,31,84,56,27,30.05,29.96,29.85,10,9,6,24,14,30,0.23,Rain
6/9/2014,78,67,55,56,47,39,63,55,47,30.03,29.97,29.92,10,10,10,16,9,20,0,
6/10/2014,66,61,56,56,51,43,87,71,55,29.94,29.86,29.75,10,8,4,21,10,26,1.26,Rain
6/11/2014,67,62,57,58,56,53,93,83,73,29.75,29.71,29.67,10,8,4,16,7,21,0.52,Rain
6/12/2014,79,69,58,61,56,47,93,70,46,29.85,29.77,29.74,10,7,2,24,10,31,0.001,Rain
6/13/2014,75,65,55,46,41,30,66,43,20,30.03,29.96,29.87,10,10,10,18,10,24,0,
6/14/2014,79,66,52,46,43,41,66,47,27,30.1,30.04,29.96,10,10,10,18,8,23,0,
6/15/2014,84,72,60,63,55,45,60,51,42,29.99,29.9,29.8,10,10,10,32,16,39,0,
6/16/2014,88,78,67,67,61,57,81,59,37,30.06,29.98,29.88,10,10,10,17,9,24,0,
6/17/2014,91,84,77,67,64,61,69,56,43,29.91,29.86,29.78,10,10,10,28,13,37,0.001,Rain
6/18/2014,82,72,61,69,61,56,90,72,54,30.03,29.96,29.86,10,8,2,32,10,39,0.65,"Rain , Thunderstorm"
6/19/2014,79,69,59,65,60,55,90,76,62,30.1,30.05,30,10,6,0,17,8,20,0.32,"Fog , Rain , Thunderstorm"
6/20/2014,85,74,63,67,64,58,93,72,51,30.01,29.96,29.9,10,8,1,16,9,21,0.01,
6/21/2014,84,72,60,66,61,55,93,74,55,29.99,29.93,29.82,10,5,0,31,7,42,1.28,"Fog , Rain , Thunderstorm"
6/22/2014,82,73,63,64,61,57,93,74,54,29.94,29.89,29.85,10,6,0,12,5,14,0,Fog
6/23/2014,81,74,66,67,64,58,87,73,58,29.87,29.84,29.79,10,8,3,12,6,15,0.05,Rain
6/24/2014,87,79,70,67,65,58,84,62,40,29.9,29.85,29.83,10,9,0,25,5,30,0.41,"Rain , Thunderstorm"
6/25/2014,80,70,59,65,58,54,90,75,60,30.06,29.97,29.88,10,6,0,18,7,23,0.001,Fog
6/26/2014,78,69,59,63,57,55,87,74,60,30.1,30.06,30,10,6,0,10,7,-,0,
6/27/2014,88,74,59,65,61,55,90,67,43,30.05,30.01,29.95,10,6,0,18,10,24,0.001,Fog
6/28/2014,87,79,71,69,67,64,79,66,53,30.02,29.98,29.91,10,10,10,25,12,31,0,
6/29/2014,85,77,69,70,66,64,79,67,55,29.97,29.91,29.84,10,10,6,29,13,37,0.07,Rain
6/30/2014,87,77,67,74,67,63,87,73,59,29.93,29.8,29.64,10,8,1,31,13,42,2.6,"Rain , Thunderstorm"
7/1/2014,80,74,67,63,61,58,87,68,48,29.77,29.7,29.61,10,10,6,24,12,31,0.001,"Rain , Thunderstorm"
7/2/2014,70,63,56,59,53,50,86,70,53,30.03,29.94,29.77,10,7,1,18,10,25,0.12,Rain
7/3/2014,76,66,56,54,48,42,86,60,33,30.2,30.11,30.02,10,10,9,16,7,20,0.07,Rain
7/4/2014,79,69,58,52,48,44,67,50,33,30.3,30.27,30.2,10,10,6,13,7,17,0,
7/5/2014,77,69,60,59,53,50,78,61,43,30.26,30.18,30.04,10,9,4,20,8,28,0.001,Rain
7/6/2014,87,75,63,70,63,55,73,65,57,30.02,29.86,29.71,10,10,10,22,12,30,0,
7/7/2014,88,80,71,69,64,57,87,62,36,29.75,29.71,29.65,10,9,1,25,9,35,0.63,"Rain , Thunderstorm"
7/8/2014,81,74,66,65,60,54,73,59,45,29.82,29.67,29.57,10,9,2,23,12,30,0.54,"Rain , Thunderstorm"
7/9/2014,80,71,62,56,53,47,73,53,32,30.06,29.93,29.83,10,10,10,20,8,25,0,
7/10/2014,79,70,60,56,53,46,84,63,42,30.18,30.14,30.07,10,10,9,14,4,17,0,
7/11/2014,81,71,60,59,53,50,72,54,35,30.21,30.16,30.09,10,10,10,14,5,17,0.01,Rain
7/12/2014,80,75,70,73,67,58,90,74,57,30.1,29.98,29.83,10,9,3,29,11,37,0.47,"Rain , Thunderstorm"
7/13/2014,85,77,68,66,63,50,84,62,40,29.95,29.88,29.84,10,10,7,16,10,23,0.01,Rain
7/14/2014,80,71,61,63,54,48,78,57,35,29.91,29.84,29.78,10,9,2,23,8,26,0.2,Rain
7/15/2014,70,63,55,55,50,46,84,69,53,29.98,29.91,29.84,10,10,10,21,11,25,0.05,Rain
7/16/2014,72,64,55,52,47,42,86,62,37,30.04,30.01,29.97,10,10,10,18,7,25,0,
7/17/2014,78,66,54,52,49,46,77,58,38,30.12,30.08,30.04,10,10,10,13,6,16,0,
7/18/2014,79,69,59,57,53,49,78,59,40,30.18,30.13,30.09,10,10,10,18,7,25,0,
7/19/2014,80,69,57,55,52,50,80,59,37,30.09,30.06,30.01,10,10,6,14,5,19,0,
7/20/2014,82,71,60,59,55,53,84,61,37,30.07,30.03,30,10,10,7,10,5,14,0,
7/21/2014,86,75,63,63,61,58,78,61,44,30.1,30.06,30.02,10,10,10,15,7,23,0,
7/22/2014,90,80,69,73,67,62,73,63,52,30.06,29.98,29.91,10,10,8,23,12,30,0.01,"Rain , Thunderstorm"
7/23/2014,75,67,59,63,52,45,70,53,35,30.15,30.11,30.01,10,10,10,25,16,32,0,
7/24/2014,75,66,57,53,47,41,77,55,33,30.18,30.12,30.05,10,10,10,14,9,19,0,
7/25/2014,75,65,55,57,53,47,77,65,53,30.09,29.98,29.88,10,10,10,21,9,27,0.001,
7/26/2014,84,76,68,69,63,56,79,67,55,29.9,29.83,29.77,10,10,10,14,6,17,0,
7/27/2014,87,76,65,69,61,52,90,61,32,29.91,29.78,29.69,10,9,3,29,15,37,0.02,Rain
7/28/2014,73,66,59,52,47,41,65,51,36,30.09,30.03,29.91,10,10,10,23,11,30,0,
7/29/2014,81,70,58,56,52,50,84,60,35,30.04,30.01,29.98,10,10,10,33,10,40,0.01,
7/30/2014,79,69,59,57,54,52,84,62,39,30.04,30.01,29.99,10,10,10,14,7,19,0,
7/31/2014,84,72,59,57,55,53,84,59,34,30.04,30.02,30,10,10,7,20,8,25,0,
8/1/2014,85,74,62,61,57,53,84,62,39,30.12,30.06,30.03,10,10,9,25,7,30,0.15,"Rain , Thunderstorm"
8/2/2014,86,73,59,55,53,50,78,55,32,30.16,30.11,30.07,10,10,10,14,4,16,0,
8/3/2014,87,75,62,61,57,53,68,53,37,30.15,30.1,30.05,10,10,10,15,7,19,0,
8/4/2014,87,77,67,64,61,57,87,65,43,30.11,30.06,30.02,10,8,2,22,8,24,2.76,"Rain , Thunderstorm"
8/5/2014,80,72,64,64,62,59,87,72,56,30.07,30.04,30,10,8,4,15,6,17,0.001,Rain
8/6/2014,80,71,62,59,54,48,84,60,35,30.08,30.05,30.02,10,10,10,10,6,-,0,
8/7/2014,81,71,61,61,55,50,84,60,36,30.1,30.07,30.04,10,10,10,15,9,-,0,
8/8/2014,82,74,66,61,57,52,81,59,36,30.09,30.06,30.04,10,10,10,21,11,25,0,
8/9/2014,80,73,66,61,57,53,73,58,42,30.11,30.07,30.04,10,10,10,18,9,22,0,
8/10/2014,81,75,69,63,59,52,73,61,49,30.06,30.02,29.95,10,10,10,16,9,19,0,
8/11/2014,82,75,67,65,63,59,87,71,54,29.97,29.87,29.76,10,8,3,17,7,21,0.85,"Rain , Thunderstorm"
8/12/2014,70,66,61,63,57,52,78,68,57,29.96,29.84,29.74,10,10,8,25,12,31,0.07,Rain
8/13/2014,82,70,57,60,55,49,77,61,45,30.02,29.99,29.96,10,10,10,18,9,24,0,
8/14/2014,72,65,57,56,49,42,78,59,40,30.12,30.08,30.03,10,10,10,14,8,19,0,
8/15/2014,78,65,52,55,49,45,72,53,33,30.09,30.03,29.96,10,10,10,13,6,17,0,
8/16/2014,82,72,62,64,61,55,78,68,58,29.94,29.91,29.88,10,10,9,16,8,19,0,
8/17/2014,71,68,64,63,61,59,93,81,68,29.99,29.96,29.91,10,7,2,15,9,19,0.001,
8/18/2014,83,74,65,65,62,59,87,69,51,29.94,29.87,29.78,10,9,3,14,5,17,0,
8/19/2014,86,78,69,68,65,61,84,64,44,29.78,29.72,29.68,10,10,5,24,11,32,0.09,"Rain , Thunderstorm"
8/20/2014,86,76,66,67,63,60,81,65,48,29.95,29.86,29.77,10,10,10,17,8,22,0,
8/21/2014,79,75,70,71,68,64,87,80,73,29.98,29.94,29.88,10,8,1,14,5,17,0.98,"Rain , Thunderstorm"
8/22/2014,86,79,72,74,71,68,87,72,57,29.98,29.92,29.88,10,8,2,15,5,20,1.58,"Rain , Thunderstorm"
8/23/2014,86,77,68,74,69,64,93,82,70,30.07,29.98,29.88,10,6,1,29,5,36,0.34,"Rain , Thunderstorm"
8/24/2014,88,79,70,72,68,66,90,73,55,30.02,29.98,29.94,10,10,9,12,7,17,0,
8/25/2014,88,80,71,76,70,64,94,75,55,30.05,30,29.94,10,9,3,24,7,30,0.01,"Rain , Thunderstorm"
8/26/2014,85,78,71,67,65,63,79,65,51,30.15,30.07,30,10,10,1,31,6,37,0.12,"Rain , Thunderstorm"
8/27/2014,82,75,67,63,60,57,81,63,45,30.14,30.12,30.09,10,10,10,15,7,18,0,
8/28/2014,77,72,67,63,56,52,78,59,40,30.14,30.09,30.02,10,10,10,17,9,19,0.001,Rain
8/29/2014,86,79,71,70,67,63,84,71,57,30,29.93,29.85,10,10,10,18,11,23,0.08,"Rain , Thunderstorm"
8/30/2014,83,77,70,68,65,63,84,69,54,29.91,29.84,29.82,10,10,1,25,12,32,0.27,Rain
8/31/2014,85,77,68,69,65,61,97,72,47,29.95,29.91,29.84,10,8,1,14,7,18,0,
9/1/2014,83,77,70,69,66,62,84,68,51,29.85,29.78,29.72,10,10,5,23,12,30,0.36,Rain
9/2/2014,82,75,67,65,60,54,87,64,40,29.96,29.88,29.82,10,10,10,18,6,23,0.01,Rain
9/3/2014,83,72,61,62,59,55,90,66,42,30.04,29.98,29.94,10,10,10,15,7,19,0,
9/4/2014,85,78,71,71,65,61,84,70,55,30.05,29.94,29.87,10,10,6,26,13,33,0.26,"Rain , Thunderstorm"
9/5/2014,88,76,64,72,66,55,82,70,57,30.06,29.95,29.9,10,9,2,44,11,52,0.5,"Rain , Thunderstorm"
9/6/2014,75,68,60,55,50,45,78,57,35,30.17,30.13,30.06,10,10,10,15,8,19,0,
9/7/2014,80,67,54,52,49,45,80,56,31,30.21,30.17,30.12,10,10,10,14,4,17,0,
9/8/2014,77,66,55,54,52,49,80,59,38,30.14,30.08,29.99,10,10,10,15,6,19,0,
9/9/2014,79,71,63,63,59,52,78,66,54,30,29.94,29.85,10,10,10,17,8,23,0.01,Rain
9/10/2014,80,68,56,70,63,47,90,76,62,29.86,29.65,29.52,10,7,2,28,16,39,1.31,Rain
9/11/2014,56,53,50,46,41,39,72,66,59,30.3,30.15,29.9,10,10,10,17,10,22,0,
9/12/2014,55,50,44,49,43,39,93,76,59,30.33,30.28,30.26,10,7,2,18,13,23,0.13,Rain
9/13/2014,59,50,41,42,39,38,93,72,51,30.38,30.33,30.27,10,10,10,16,8,20,0,
9/14/2014,65,54,42,47,42,40,89,67,44,30.34,30.26,30.17,10,10,10,15,5,19,0,
9/15/2014,62,57,51,53,49,46,89,77,64,30.18,30.13,30.09,10,10,4,17,5,19,0.001,Rain
9/16/2014,68,56,44,48,43,39,93,64,35,30.22,30.16,30.09,10,10,10,12,4,17,0,
9/17/2014,70,59,48,48,45,43,86,63,40,30.08,30.02,29.97,10,10,10,12,3,16,0,
9/18/2014,70,62,53,55,52,47,93,75,57,30.17,30.11,30.03,10,9,3,13,6,18,0,Fog
9/19/2014,78,66,53,54,48,43,93,61,28,30.17,30.08,29.92,10,10,6,23,12,29,0,
9/20/2014,77,70,63,69,60,49,90,73,56,29.93,29.84,29.7,10,10,9,28,10,39,0.12,Rain
9/21/2014,69,60,51,65,52,43,80,66,51,30.14,29.89,29.7,10,10,3,28,13,37,0.001,"Rain , Thunderstorm"
9/22/2014,67,57,46,46,42,39,82,60,37,30.3,30.24,30.14,10,10,10,12,6,14,0,
9/23/2014,74,63,51,50,46,43,72,57,41,30.35,30.3,30.27,10,10,10,12,4,24,0,
9/24/2014,77,66,54,52,49,44,89,60,30,30.36,30.31,30.27,10,10,10,15,6,17,0,
9/25/2014,74,65,56,55,52,47,86,62,38,30.3,30.25,30.21,10,10,7,8,2,10,0,
9/26/2014,79,65,51,57,53,49,100,69,38,30.27,30.24,30.21,10,9,5,13,5,16,0,
9/27/2014,79,67,54,58,54,49,93,68,42,30.26,30.21,30.17,10,10,7,13,4,16,0,
9/28/2014,78,66,53,59,55,52,100,73,46,30.17,30.14,30.06,10,7,1,10,3,14,0,
9/29/2014,83,68,53,57,54,51,93,65,37,30.04,30,29.92,10,9,3,24,9,30,0.01,Rain
9/30/2014,58,53,47,52,47,44,93,80,66,30.06,30.03,30,10,8,2,20,10,25,0.001,Rain
10/1/2014,70,60,49,54,48,44,86,70,53,30.06,29.98,29.88,10,9,2,17,10,25,0,
10/2/2014,72,68,63,65,61,53,93,78,63,29.89,29.8,29.62,10,10,7,18,8,23,0.32,"Rain , Thunderstorm"
10/3/2014,65,54,43,64,50,28,93,73,53,29.79,29.61,29.45,10,9,2,31,16,39,0.68,Rain
10/4/2014,47,41,35,40,34,27,89,72,55,29.78,29.72,29.68,10,9,4,25,14,33,0.06,"Rain , Snow"
10/5/2014,55,46,37,40,34,29,85,62,38,29.75,29.7,29.64,10,10,10,20,9,27,0.01,Rain
10/6/2014,61,52,42,45,40,33,92,66,39,29.67,29.6,29.57,10,10,10,23,9,32,0.01,Rain
10/7/2014,66,57,48,49,43,36,83,64,44,29.85,29.68,29.63,10,10,10,25,12,31,0.001,
10/8/2014,65,55,44,41,35,30,83,56,28,30.03,29.97,29.86,10,10,10,25,11,33,0,
10/9/2014,62,53,43,38,34,29,71,51,31,30.14,30.09,30.03,10,10,10,13,6,16,0,
10/10/2014,58,49,39,43,39,35,83,67,51,30.19,30.16,30.13,10,10,10,17,8,21,0,
10/11/2014,59,48,36,38,34,31,85,61,36,30.27,30.21,30.16,10,10,10,14,5,19,0,
10/12/2014,63,51,38,55,43,33,100,73,46,30.15,30,29.87,10,10,3,21,9,25,0.01,Rain
10/13/2014,67,62,56,64,59,55,100,89,78,29.87,29.76,29.5,10,5,1,23,9,31,0.64,Rain
10/14/2014,65,59,52,62,57,50,97,92,87,29.66,29.53,29.46,10,8,3,22,10,30,0.65,Rain
10/15/2014,55,53,50,53,50,48,100,95,89,29.83,29.75,29.66,10,7,0,18,10,22,0.05,Rain
10/16/2014,56,53,50,51,49,48,100,89,77,29.86,29.79,29.65,10,8,1,14,7,19,0.001,Rain
10/17/2014,62,55,48,50,47,40,96,81,66,29.88,29.67,29.56,10,10,10,24,13,31,0.001,
10/18/2014,50,43,36,41,38,34,85,73,60,30.22,30.08,29.9,10,10,10,18,9,23,0.01,Rain
10/19/2014,54,44,33,43,37,32,96,78,59,30.22,30.11,29.9,10,10,10,17,8,22,0,
10/20/2014,65,56,46,48,44,41,86,67,48,30,29.88,29.8,10,10,10,18,9,23,0.01,
10/21/2014,53,49,45,43,39,36,77,70,63,30.27,30.17,30,10,10,10,21,11,26,0,
10/22/2014,56,46,35,40,38,35,89,70,51,30.38,30.31,30.26,10,10,10,12,5,14,0,
10/23/2014,59,48,36,43,39,35,100,76,51,30.26,30.16,30.06,10,9,6,16,8,21,0,
10/24/2014,67,60,52,49,46,43,83,66,48,30.07,30.01,29.92,10,10,9,12,6,14,0,
10/25/2014,72,61,49,54,43,26,93,56,19,29.97,29.92,29.88,10,9,3,23,11,32,0,
10/26/2014,64,53,42,41,31,23,64,43,21,30.04,29.97,29.86,10,10,10,12,6,14,0,
10/27/2014,77,64,51,59,50,32,78,62,45,29.84,29.67,29.57,10,10,8,25,13,32,0,
10/28/2014,68,57,45,57,40,32,78,59,39,29.98,29.82,29.63,10,10,10,28,16,36,0.001,
10/29/2014,49,43,36,34,31,30,82,68,53,30.15,30.06,29.96,10,10,10,22,10,29,0,
10/30/2014,51,42,32,36,33,30,89,71,52,30.15,30.11,30.04,10,10,10,14,6,20,0,
10/31/2014,47,40,33,36,27,19,70,59,48,30.36,30.16,30.02,10,9,1,38,23,53,0.03,"Rain , Snow"
11/1/2014,43,36,29,29,25,21,85,67,49,30.47,30.41,30.36,10,10,10,18,9,26,0,
11/2/2014,51,38,25,31,24,19,100,65,29,30.44,30.34,30.18,10,10,6,22,10,29,0,
11/3/2014,62,53,43,43,33,23,51,44,36,30.17,30.04,29.92,10,10,10,26,15,36,0,
11/4/2014,60,52,44,51,41,35,86,61,36,30.08,29.95,29.87,10,10,7,24,16,33,0.001,Rain
11/5/2014,60,47,34,39,35,32,85,61,36,30.15,30.04,29.84,10,10,10,20,9,26,0.001,
11/6/2014,51,45,38,41,32,24,77,66,54,30.22,29.99,29.77,10,10,10,31,17,37,0.001,Rain
11/7/2014,43,36,29,31,26,23,78,64,49,30.22,30.07,29.81,10,10,10,16,8,22,0,
11/8/2014,47,42,36,37,29,23,76,61,45,29.97,29.86,29.72,10,10,9,25,12,32,0.01,Rain
11/9/2014,52,44,35,36,29,25,65,53,41,29.95,29.85,29.76,10,10,10,24,9,31,0.001,
11/10/2014,62,52,41,41,39,36,83,65,46,29.82,29.66,29.52,10,10,10,28,13,36,0,
11/11/2014,58,45,31,44,33,20,85,70,55,30.16,29.81,29.56,10,8,2,24,15,34,0.21,Rain
11/12/2014,31,28,24,21,15,12,69,58,47,30.31,30.27,30.16,10,10,10,21,13,26,0.001,Snow
11/13/2014,29,27,24,17,15,13,74,66,57,30.33,30.31,30.28,10,10,9,18,12,24,0.001,Snow
11/14/2014,27,24,21,16,13,11,68,59,50,30.39,30.36,30.29,10,10,9,14,8,18,0.001,Snow
11/15/2014,31,24,17,22,16,10,88,66,43,30.4,30.31,30.22,10,7,1,14,6,17,0.04,Snow
11/16/2014,31,25,18,25,22,12,96,82,68,30.2,30.03,29.9,10,6,2,20,8,25,0.01,Snow
11/17/2014,21,16,11,9,6,3,83,71,59,30,29.92,29.82,10,8,2,30,16,38,0.001,Snow
11/18/2014,19,14,9,8,4,3,80,67,54,30.15,30.08,29.96,10,10,9,25,17,33,0.001,Snow
11/19/2014,32,25,17,16,12,6,67,58,49,30.06,29.9,29.78,10,10,7,28,15,38,0.001,Snow
11/20/2014,27,21,14,12,6,0,74,53,32,30.35,30.13,30.02,10,10,10,25,15,33,0,
11/21/2014,35,21,7,11,5,0,80,53,25,30.49,30.36,30.17,10,10,10,21,9,24,0,
11/22/2014,52,43,33,46,38,15,92,64,35,30.14,29.96,29.84,10,6,0,21,13,28,0.07,"Fog , Rain"
11/23/2014,52,50,48,49,46,41,100,89,77,29.83,29.5,29.09,10,6,0,21,10,27,0.63,"Fog , Rain"
11/24/2014,49,37,24,48,31,18,100,88,75,29.84,29.36,29.06,10,4,0,33,17,45,0.43,"Fog , Rain , Snow"
11/25/2014,26,22,18,18,16,14,84,76,68,30.23,30.06,29.86,10,9,2,22,10,29,0.01,Snow
11/26/2014,29,23,17,23,19,15,84,77,69,30.21,30.17,30.12,10,8,5,14,5,16,0.001,Snow
11/27/2014,27,21,15,21,15,9,81,72,62,30.43,30.35,30.21,10,9,6,21,10,25,0.001,Snow
11/28/2014,34,26,18,29,19,10,82,73,63,30.4,30.13,29.9,10,9,7,20,11,24,0.001,Snow
11/29/2014,51,40,29,46,38,26,93,82,70,29.87,29.68,29.59,10,9,7,24,13,32,0,
11/30/2014,50,37,24,48,35,13,100,82,63,30.32,29.89,29.63,10,6,1,22,11,27,0.001,
12/1/2014,25,22,18,16,4,-5,68,51,34,30.69,30.59,30.33,10,10,10,21,12,26,0,
12/2/2014,34,26,18,27,21,13,85,74,63,30.54,30.23,30.06,10,9,4,18,10,24,0.001,Snow
12/3/2014,37,31,24,23,18,12,81,64,47,30.4,30.23,30.06,10,10,9,17,11,22,0,
12/4/2014,35,29,23,23,18,9,64,59,54,30.43,30.36,30.27,10,10,10,13,8,17,0,
12/5/2014,40,36,32,32,30,25,89,77,64,30.26,30.22,30.16,10,5,2,13,5,16,0,
12/6/2014,40,33,26,31,27,23,89,74,59,30.66,30.52,30.26,10,8,4,22,11,30,0,
12/7/2014,36,31,26,25,22,19,85,69,52,30.66,30.52,30.3,10,10,10,17,10,20,0,
12/8/2014,37,35,32,35,32,26,100,86,72,30.27,30.07,29.98,10,5,2,16,9,21,0.2,"Rain , Snow"
12/9/2014,38,35,31,32,29,24,96,84,72,30.4,30.31,30.11,10,9,5,18,14,23,0.001,Rain
12/10/2014,33,31,28,25,24,21,78,74,69,30.41,30.34,30.27,10,10,10,15,11,18,0.001,
12/11/2014,32,28,23,23,21,19,88,76,63,30.3,30.27,30.23,10,7,5,15,9,17,0,
12/12/2014,37,30,23,33,28,19,100,91,82,30.35,30.29,30.22,10,6,1,16,9,19,0.001,
12/13/2014,47,41,35,43,38,32,93,86,79,30.24,30.17,30.09,7,5,2,18,8,24,0,
12/14/2014,50,48,45,46,44,42,100,93,86,30.1,30.06,30,6,4,1,14,8,19,0.001,Rain
12/15/2014,46,44,42,45,43,40,100,93,86,29.99,29.83,29.66,6,3,1,17,11,24,0.06,Rain
12/16/2014,45,37,29,43,37,21,100,85,69,30.14,29.81,29.63,10,6,0,24,12,32,0.02,"Fog , Rain"
12/17/2014,29,27,24,22,17,15,81,72,63,30.32,30.25,30.16,10,10,9,20,11,24,0.001,Snow
12/18/2014,28,24,19,21,17,13,84,74,63,30.34,30.28,30.22,10,10,9,10,6,13,0,
12/19/2014,32,30,27,23,22,20,81,75,69,30.35,30.3,30.26,10,10,9,10,5,11,0.001,Snow
12/20/2014,33,31,28,26,24,23,78,72,66,30.3,30.28,30.26,10,9,6,10,4,14,0.001,Snow
12/21/2014,36,34,31,29,28,26,85,80,75,30.26,30.14,30.03,10,9,7,17,10,21,0.001,
12/22/2014,41,35,28,39,32,25,100,85,70,30.01,29.79,29.59,9,4,2,18,11,21,0.32,Rain
12/23/2014,48,43,38,44,39,34,100,81,61,29.76,29.65,29.53,10,8,2,22,11,31,0.19,Rain
12/24/2014,40,38,36,34,33,31,89,84,79,29.71,29.59,29.47,10,10,8,20,8,24,0.001,
12/25/2014,42,38,33,34,30,27,82,72,62,30.02,29.9,29.64,10,10,10,22,14,29,0,
12/26/2014,50,43,36,41,36,31,85,75,65,30.05,30.02,29.99,10,10,10,18,10,25,0,
12/27/2014,49,40,31,46,35,24,93,81,69,30.12,30.02,29.94,10,9,5,31,15,39,0.001,
12/28/2014,35,29,22,23,17,12,84,62,40,30.27,30.19,30.12,10,10,10,16,8,19,0,
12/29/2014,30,25,19,20,17,8,81,71,60,30.53,30.4,30.27,10,10,10,17,9,21,0,
12/30/2014,20,15,9,7,0,-5,80,57,34,30.71,30.64,30.53,10,10,10,16,11,21,0,
12/31/2014,18,11,4,2,-2,-7,69,58,47,30.63,30.4,30.16,10,10,10,23,14,31,0,
1/1/2015,32,23,14,15,10,3,68,59,49,30.16,30.08,29.99,10,10,10,24,15,30,0,
1/2/2015,34,25,15,21,18,13,84,66,47,30.34,30.25,30.16,10,10,10,12,5,13,0,
1/3/2015,34,32,29,34,30,21,100,85,69,30.15,29.91,29.77,10,3,1,13,6,14,0.57,"Rain , Snow"
1/4/2015,33,18,2,32,18,-8,96,77,58,30.53,30.01,29.71,10,4,0,26,16,31,0.13,"Fog , Snow"
1/5/2015,6,2,-3,2,-4,-11,87,73,59,30.68,30.51,30.37,10,6,1,22,10,26,0.15,Snow
1/6/2015,10,3,-5,2,-1,-6,95,81,66,30.42,30.34,30.29,10,8,2,24,14,30,0.01,Snow
1/7/2015,6,0,-6,-4,-12,-15,69,60,51,30.83,30.67,30.37,10,10,10,28,17,33,0,
1/8/2015,18,5,-8,13,1,-15,83,74,64,30.65,29.99,29.77,10,3,0,28,18,39,0.06,Snow
1/9/2015,11,6,0,5,-4,-10,76,65,54,30.46,30.25,29.93,10,8,2,30,17,38,0.001,Snow
1/10/2015,24,11,-2,12,2,-7,86,70,53,30.47,30.38,30.28,10,10,10,22,12,27,0,
1/11/2015,32,27,22,27,22,11,92,73,54,30.29,30.26,30.23,10,5,0,18,8,21,0.19,"Fog , Snow"
1/12/2015,28,22,15,27,12,4,92,72,51,30.7,30.47,30.23,10,9,2,21,13,25,0.001,Snow
1/13/2015,19,11,3,10,8,2,83,73,62,30.76,30.65,30.49,10,8,2,20,8,23,0.001,Snow
1/14/2015,19,10,1,11,7,0,91,79,67,30.45,30.34,30.22,10,9,6,14,6,18,0.001,Snow
1/15/2015,34,26,17,22,18,11,88,75,61,30.2,30.06,29.97,10,10,9,21,10,27,0,
1/16/2015,34,29,23,25,23,20,88,76,64,30.21,30.12,30,10,10,7,15,8,18,0,
1/17/2015,42,34,26,32,29,22,88,74,60,29.96,29.7,29.61,10,10,7,28,15,37,0,
1/18/2015,40,34,27,31,28,25,92,78,64,30.01,29.82,29.64,10,10,9,20,10,24,0.001,Snow
1/19/2015,41,33,25,30,27,23,100,82,64,30.04,29.98,29.88,10,10,9,12,5,13,0.001,Snow
1/20/2015,36,33,29,33,30,27,96,91,85,30.03,29.93,29.83,10,7,3,17,7,23,0.001,
1/21/2015,33,31,29,29,26,21,92,81,69,30.29,30.1,29.99,10,9,7,14,8,17,0.01,Snow
1/22/2015,31,30,28,24,23,21,78,75,72,30.45,30.38,30.26,10,10,8,15,7,19,0,
1/23/2015,31,30,29,24,23,22,85,77,69,30.35,30.11,29.82,10,10,9,17,12,24,0,
1/24/2015,43,36,29,31,28,24,89,77,65,29.79,29.7,29.62,10,10,9,18,8,24,0,
1/25/2015,34,29,24,32,24,15,96,80,63,30.01,29.83,29.66,10,6,1,26,15,35,0.08,Snow
1/26/2015,26,21,15,24,20,12,100,84,68,30.01,29.92,29.85,10,6,2,13,6,16,0.07,Snow
1/27/2015,32,26,20,25,21,15,92,73,53,30.29,30.14,29.93,10,9,5,13,6,15,0.001,Snow
1/28/2015,34,27,19,26,19,13,88,69,49,30.31,30.14,29.82,10,10,10,20,11,25,0.01,Rain
1/29/2015,35,32,28,29,26,19,82,69,56,30.34,29.96,29.69,10,8,1,26,14,35,0.01,Snow
1/30/2015,30,24,18,14,10,7,73,58,42,30.55,30.46,30.36,10,10,10,20,7,27,0.001,
1/31/2015,36,28,19,29,24,14,92,76,59,30.34,30.21,30.14,10,7,1,16,7,19,0.12,Snow
2/1/2015,31,25,19,30,23,16,100,92,84,30.14,29.88,29.75,1,0,0,30,18,39,0.87,"Fog , Snow"
2/2/2015,19,13,6,11,4,0,88,71,53,30.25,30.15,29.93,10,7,1,24,13,31,0.05,Snow
2/3/2015,26,14,2,22,15,1,88,78,68,30.2,30.09,29.99,10,6,0,15,5,18,0.09,"Fog , Snow"
2/4/2015,25,15,4,23,12,-4,96,79,61,30.42,30.15,29.97,10,6,2,20,11,24,0.02,Snow
2/5/2015,15,7,-2,4,-3,-8,86,69,51,30.53,30.42,30.26,10,10,10,20,9,25,0,
2/6/2015,31,22,13,23,14,5,88,73,57,30.25,30.14,29.96,10,10,10,18,9,26,0,
2/7/2015,41,30,18,36,29,19,100,85,70,29.95,29.77,29.61,10,9,5,16,8,21,0,
2/8/2015,39,32,25,35,30,24,100,93,85,30.01,29.79,29.57,10,4,2,23,10,29,0.01,"Rain , Snow"
2/9/2015,27,23,19,23,19,15,100,84,68,30.28,30.18,30.01,10,9,6,21,12,25,0.001,Snow
2/10/2015,33,24,14,20,17,14,81,69,56,30.28,30.2,30.05,10,10,10,20,8,24,0,
2/11/2015,35,27,18,29,22,7,85,73,60,30.13,30.03,29.95,10,9,4,23,13,28,0.001,
2/12/2015,18,13,8,7,-1,-5,67,57,47,30.5,30.41,30.15,10,10,5,28,13,34,0.001,Snow
2/13/2015,26,16,5,18,8,-2,83,72,61,30.44,30.17,29.9,10,10,10,21,11,26,0.001,Snow
2/14/2015,27,14,1,20,3,-13,77,61,45,30.51,30.07,29.77,10,8,1,38,19,48,0.001,Snow
2/15/2015,15,6,-3,7,0,-14,76,64,51,30.6,30.52,30.42,10,7,1,21,9,25,0.03,Snow
2/16/2015,18,12,5,6,-2,-8,67,52,36,30.42,30.18,30,10,10,9,12,5,14,0,
2/17/2015,19,14,8,13,7,-2,80,67,54,30,29.94,29.9,10,8,2,20,12,24,0.001,Snow
2/18/2015,8,3,-3,-2,-7,-16,79,64,49,30.29,30.08,29.88,10,9,4,26,15,32,0.001,Snow
2/19/2015,4,-2,-8,-11,-15,-18,65,55,44,30.43,30.39,30.3,10,10,10,23,11,27,0,
2/20/2015,18,6,-7,8,0,-12,76,63,49,30.41,30.16,29.98,10,8,2,24,13,29,0.01,Snow
2/21/2015,32,25,17,22,17,10,77,68,58,30.17,30.01,29.93,10,8,7,12,4,15,0.001,Snow
2/22/2015,28,15,2,20,4,-10,75,60,45,30.71,30.44,30.19,10,10,7,22,13,24,0.001,Snow
2/23/2015,12,4,-4,-7,-10,-15,62,50,38,30.76,30.61,30.3,10,10,10,21,10,25,0,
2/24/2015,29,17,4,21,8,-6,75,63,50,30.25,29.84,29.7,10,9,2,26,16,35,0.01,Snow
2/25/2015,26,18,10,17,11,-3,92,67,42,30.06,30,29.87,10,5,1,15,8,20,0.17,Snow
2/26/2015,19,10,0,14,7,-8,88,69,49,30.47,30.19,30.02,10,4,0,20,13,23,0.17,"Fog , Snow"
2/27/2015,14,6,-2,-4,-6,-10,72,59,46,30.71,30.62,30.47,10,10,10,14,8,17,0,
2/28/2015,21,6,-10,14,2,-13,91,65,39,30.77,30.63,30.48,10,8,2,13,5,15,0.02,Snow
3/1/2015,25,18,10,17,13,7,92,80,67,30.46,30.37,30.27,10,7,2,17,7,23,0.001,Snow
3/2/2015,33,23,13,19,12,7,80,60,39,30.55,30.43,30.25,10,10,10,15,7,18,0,
3/3/2015,34,29,24,31,25,16,92,78,63,30.23,29.84,29.62,10,5,1,23,13,29,0.13,"Rain , Snow"
3/4/2015,31,21,10,23,7,-3,81,60,39,30.38,30.15,29.87,10,10,10,23,13,31,0,
3/5/2015,16,10,3,-2,-4,-8,69,56,42,30.58,30.5,30.38,10,10,10,16,10,23,0,
3/6/2015,27,14,0,17,8,-4,83,69,54,30.55,30.33,30.14,10,10,9,24,13,30,0,
3/7/2015,44,34,24,29,25,17,82,68,53,30.15,30.07,29.99,10,9,7,20,10,24,0,
3/8/2015,40,34,28,31,26,24,85,70,54,30.24,30.17,30.13,10,10,10,16,7,20,0,
3/9/2015,50,38,25,36,28,21,92,69,45,30.21,30.15,30.08,10,9,4,14,6,17,0,
3/10/2015,51,43,35,41,37,33,100,83,66,30.09,30.02,29.95,8,3,0,14,7,18,0,Fog
3/11/2015,51,41,30,37,30,21,100,67,34,30.45,30.24,30.04,10,7,2,16,6,19,0,
3/12/2015,56,42,28,30,28,24,78,57,35,30.51,30.44,30.34,10,10,10,18,9,22,0,
3/13/2015,65,51,37,42,33,29,80,54,28,30.32,30.14,29.98,10,10,10,13,6,16,0,
3/14/2015,60,49,37,42,35,31,82,61,39,30.2,30.04,29.97,10,10,8,26,12,31,0,
3/15/2015,62,46,29,38,33,27,92,64,36,30.28,30.15,29.97,10,10,10,24,10,30,0,
3/16/2015,73,58,42,47,38,33,83,59,35,29.97,29.88,29.72,10,10,10,30,13,39,0,
3/17/2015,45,37,28,37,23,10,86,57,27,30.36,30.22,29.98,10,10,10,30,14,40,0,
3/18/2015,50,39,28,20,16,9,69,45,21,30.36,30.31,30.25,10,10,10,14,5,17,0,
3/19/2015,46,42,37,29,18,13,60,43,25,30.28,30.21,30.1,10,10,10,22,8,26,0,
3/20/2015,50,44,38,37,34,29,85,71,56,30.11,30.07,30.01,10,10,6,18,9,23,0,
3/21/2015,49,41,32,37,32,25,92,73,53,30.25,30.11,29.95,10,8,4,21,10,29,0,
3/22/2015,35,31,26,27,20,12,85,64,43,30.34,30.29,30.25,10,8,1,18,11,24,0.02,Snow
3/23/2015,31,30,28,27,25,21,92,85,78,30.31,30.26,30.22,10,4,0,17,11,27,0.61,"Fog , Snow"
3/24/2015,37,28,19,27,21,16,88,68,47,30.31,30.22,29.93,10,10,8,22,11,24,0.04,Rain
3/25/2015,41,38,35,36,34,29,100,87,73,30.06,29.91,29.76,10,6,1,22,11,28,0.25,Rain
3/26/2015,42,37,31,29,25,17,82,66,50,30.09,30,29.95,10,10,10,17,11,25,0,
3/27/2015,31,26,21,24,16,8,84,64,43,30.24,30.14,30.06,10,7,2,23,12,29,0.04,Snow
3/28/2015,36,28,20,15,11,6,74,52,29,30.37,30.31,30.24,10,10,10,15,7,19,0,
3/29/2015,47,36,24,37,25,14,79,63,47,30.28,29.99,29.75,10,9,4,30,15,36,0.01,"Rain , Snow"
3/30/2015,61,48,34,36,31,27,76,54,32,30.07,29.96,29.74,10,10,10,22,11,30,0.001,
3/31/2015,58,49,39,39,35,32,93,67,40,29.97,29.87,29.68,10,9,3,23,9,29,0,
4/1/2015,72,54,35,38,36,32,89,58,26,30.06,29.95,29.79,10,10,9,28,12,34,0,
4/2/2015,65,58,50,54,44,32,93,67,40,29.86,29.72,29.64,10,9,4,23,11,28,0.36,Rain
4/3/2015,53,42,30,33,29,27,92,65,38,30.19,29.97,29.81,10,10,10,22,10,26,0.001,Rain
4/4/2015,58,43,28,27,22,18,85,54,23,30.29,30.2,30.09,10,10,10,29,11,37,0,
4/5/2015,66,51,36,33,26,19,85,52,18,30.11,30.04,29.96,10,10,10,21,10,29,0,
4/6/2015,62,48,34,39,35,31,89,67,44,30.09,30.01,29.97,10,10,8,17,7,22,0.04,Rain
4/7/2015,46,42,38,44,38,34,96,88,79,30.12,30.06,30,10,6,2,21,14,28,0.001,Rain
4/8/2015,50,45,40,45,41,37,100,90,80,30,29.94,29.87,7,3,0,17,9,25,0.05,"Fog , Rain"
4/9/2015,71,56,41,64,52,40,93,80,66,29.86,29.67,29.44,10,4,0,33,14,46,1.41,"Fog , Rain , Thunderstorm"
4/10/2015,62,51,39,42,37,30,82,60,37,30.16,29.83,29.54,10,10,10,35,17,46,0.001,Rain
4/11/2015,62,50,38,36,32,27,82,56,29,30.27,30.2,30.15,10,10,10,16,8,23,0,
4/12/2015,68,55,41,39,35,31,70,50,29,30.16,30.07,29.93,10,10,10,23,11,28,0.001,Rain
4/13/2015,65,57,49,54,41,26,93,59,24,30.18,29.97,29.83,10,9,4,25,13,34,0.22,"Rain , Thunderstorm"
4/14/2015,66,53,39,31,22,14,60,37,13,30.28,30.23,30.19,10,10,10,12,5,16,0,
4/15/2015,64,54,43,32,28,22,53,40,26,30.28,30.23,30.17,10,10,10,18,11,24,0,
4/16/2015,66,56,45,44,39,24,92,61,30,30.15,30.11,30.04,10,9,4,16,7,23,0.001,Rain
4/17/2015,78,62,45,49,45,41,93,62,31,30.11,30.04,29.98,10,9,5,14,5,17,0,
4/18/2015,65,56,47,47,40,32,77,62,46,30.1,30.03,29.97,10,10,7,26,10,33,0,
4/19/2015,68,58,48,51,41,25,100,65,30,29.96,29.6,29.26,10,7,3,16,10,23,0.46,Rain
4/20/2015,52,47,41,50,42,30,100,77,53,29.62,29.37,29.23,10,8,2,29,16,37,0.01,Rain
4/21/2015,54,46,38,33,27,22,73,53,32,29.7,29.63,29.58,10,10,10,38,20,52,0.001,
4/22/2015,46,40,34,27,24,20,70,56,41,29.9,29.8,29.69,10,10,7,26,13,32,0.001,Snow
4/23/2015,55,44,32,27,22,15,69,46,22,30.07,30.01,29.91,10,10,10,22,9,27,0,
4/24/2015,57,43,29,36,25,14,79,49,19,30.1,30.01,29.89,10,10,6,20,7,26,0.16,Rain
4/25/2015,48,44,39,42,37,30,89,76,62,29.9,29.8,29.72,10,8,4,22,13,28,0.16,Rain
4/26/2015,56,46,35,30,27,23,76,54,32,30.06,29.99,29.88,10,10,10,23,11,30,0,
4/27/2015,55,47,38,35,32,30,76,60,43,30.14,30.11,30.05,10,10,10,20,10,25,0,
4/28/2015,58,47,35,36,34,32,85,66,46,30.18,30.1,29.99,10,10,10,16,5,20,0,
4/29/2015,61,50,38,37,35,33,79,59,39,29.98,29.94,29.9,10,10,10,17,7,22,0.001,
4/30/2015,51,45,38,38,34,31,85,71,56,30.11,30,29.9,10,10,10,21,12,27,0,
5/1/2015,67,53,38,41,38,34,92,65,37,30.19,30.13,30.08,10,10,10,14,6,16,0,
5/2/2015,76,63,50,42,37,34,68,46,23,30.09,30.02,29.94,10,10,9,16,7,22,0,
5/3/2015,78,67,55,59,48,39,90,62,33,29.97,29.94,29.88,10,9,5,22,10,28,0.42,"Rain , Thunderstorm"
5/4/2015,74,65,55,58,52,37,87,68,48,30.19,30.06,29.89,10,10,10,18,9,26,0.001,
5/5/2015,56,52,47,51,47,38,100,76,51,30.25,30.21,30.17,10,4,0,15,9,19,0.95,"Fog , Rain , Thunderstorm"
5/6/2015,77,62,46,60,51,46,100,79,57,30.22,30.16,30.06,9,3,0,13,6,15,0,Fog
5/7/2015,83,68,52,62,53,48,89,60,31,30.06,29.99,29.88,10,9,7,29,11,37,0.04,Rain
5/8/2015,81,72,63,65,63,61,93,72,51,29.97,29.94,29.9,10,8,1,31,9,42,0.75,"Rain , Thunderstorm"
5/9/2015,64,56,47,63,53,42,100,86,71,30.11,30.04,29.95,10,5,0,17,9,23,0.29,"Fog , Rain"
5/10/2015,54,50,45,49,46,44,100,92,83,30.06,30.03,29.97,10,4,0,17,9,22,0.14,"Fog , Rain"
5/11/2015,68,58,47,62,53,40,100,76,52,29.95,29.84,29.76,10,8,0,28,13,37,0.22,Rain
5/12/2015,56,50,44,41,38,33,68,60,51,30.31,30.08,29.89,10,10,10,28,17,38,0.001,
5/13/2015,52,46,40,36,34,31,79,65,50,30.52,30.42,30.32,10,10,10,16,10,22,0,
5/14/2015,66,55,43,52,43,32,82,63,44,30.38,30.25,30.04,10,9,5,21,11,25,0.24,Rain
5/15/2015,76,67,57,63,59,53,93,77,60,30.02,29.97,29.94,10,10,4,17,8,23,0.001,Rain
5/16/2015,79,71,62,66,64,60,93,80,67,30.02,29.99,29.96,10,9,6,16,8,20,0.03,Rain
5/17/2015,82,74,66,69,65,60,93,74,54,29.99,29.92,29.82,10,8,2,28,16,36,0.001,Rain
5/18/2015,77,63,49,64,53,37,87,64,40,30.14,30,29.93,10,10,10,26,15,35,0,
5/19/2015,53,47,40,38,35,30,71,63,54,30.27,30.21,30.14,10,10,10,18,10,24,0,
5/20/2015,48,44,39,40,32,25,86,64,42,30.27,30.21,30.14,10,10,8,17,8,20,0.04,Rain
5/21/2015,69,57,45,42,37,34,76,52,27,30.13,30.07,30.01,10,10,10,18,10,25,0,
5/22/2015,66,57,47,41,33,25,76,50,23,30.3,30.19,30.01,10,10,10,16,9,21,0,
5/23/2015,80,63,46,45,39,32,61,42,23,30.35,30.26,30.17,10,10,10,20,8,23,0,
5/24/2015,72,66,59,62,54,45,93,71,48,30.19,30.07,29.9,10,8,2,15,7,22,0.36,Rain
5/25/2015,78,72,65,66,62,58,78,66,54,29.95,29.87,29.83,10,9,4,26,15,36,0.07,Rain
5/26/2015,74,69,64,67,64,60,93,81,68,29.93,29.83,29.74,10,8,1,31,13,43,0.5,Rain
5/27/2015,74,67,59,61,58,53,87,68,49,30.13,29.96,29.82,10,10,10,23,11,28,0.001,
5/28/2015,82,68,54,57,54,52,93,65,36,30.2,30.14,30.04,10,10,10,16,6,23,0,
5/29/2015,81,72,63,67,63,55,87,71,54,30.04,29.97,29.88,10,9,1,25,10,39,0.2,Rain
5/30/2015,71,58,44,65,52,38,100,88,76,30.14,30.03,29.92,10,8,3,29,14,38,0.41,Rain
5/31/2015,55,49,42,42,39,37,89,72,54,30.23,30.17,30.1,10,7,2,26,16,33,0.001,Rain
6/1/2015,60,52,44,43,39,34,77,60,43,30.27,30.23,30.2,10,10,10,17,9,20,0,
6/2/2015,70,56,42,47,43,37,83,58,33,30.22,30.15,30.08,10,10,10,15,5,21,0,
6/3/2015,77,64,50,55,51,44,89,68,46,30.09,30.03,29.95,10,10,8,15,7,21,0,
6/4/2015,81,69,57,63,59,52,86,69,51,30.01,29.98,29.94,10,10,10,14,7,19,0,
6/5/2015,70,63,55,59,54,50,93,80,67,30.15,30.1,29.99,10,9,0,25,15,29,0,
6/6/2015,71,62,52,52,49,46,89,71,53,30.18,30.12,29.98,10,10,10,14,8,20,0,
6/7/2015,81,68,55,71,63,47,90,79,67,29.96,29.77,29.64,10,9,3,21,12,29,0.36,"Rain , Thunderstorm"
6/8/2015,84,73,61,67,62,54,93,67,40,29.77,29.69,29.64,10,9,5,28,12,34,0.04,"Rain , Hail , Thunderstorm"
6/9/2015,85,73,60,60,57,53,84,62,40,29.83,29.77,29.7,10,10,8,15,9,20,0,
6/10/2015,92,80,68,67,62,57,68,56,44,29.83,29.71,29.67,10,10,10,23,12,31,0,
6/11/2015,72,65,58,61,57,54,93,75,57,29.87,29.83,29.77,10,8,4,20,8,23,0.27,Rain
6/12/2015,67,62,56,64,58,54,100,93,86,29.96,29.82,29.71,10,4,2,16,8,20,0.13,"Rain , Thunderstorm"
6/13/2015,86,71,56,69,61,55,100,80,59,29.96,29.93,29.86,10,5,0,17,7,23,0.4,"Fog , Rain , Thunderstorm"
6/14/2015,83,76,68,70,68,66,100,82,63,29.94,29.9,29.88,10,7,2,17,7,23,0.6,Rain
6/15/2015,80,74,68,73,70,68,93,81,69,29.96,29.91,29.85,10,6,0,18,6,25,2.56,"Fog , Rain , Thunderstorm"
6/16/2015,72,64,56,65,54,44,93,69,44,30.16,30.09,29.98,10,9,5,14,10,-,0,
6/17/2015,72,64,56,65,58,45,90,76,62,30.06,30,29.94,10,7,3,9,5,11,0.14,Rain
6/18/2015,79,69,58,70,65,50,100,77,54,30.06,29.95,29.91,10,7,0,21,10,26,0.27,"Fog , Rain , Thunderstorm"
6/19/2015,67,61,54,53,49,46,77,68,58,30.11,30.06,29.97,10,10,10,16,10,24,0,
6/20/2015,78,66,53,68,58,45,78,70,62,29.95,29.86,29.7,10,9,2,25,7,31,0.31,"Rain , Thunderstorm"
6/21/2015,84,76,67,68,65,60,100,72,44,29.94,29.88,29.8,10,10,9,16,8,21,0,
6/22/2015,83,75,66,74,71,65,97,83,69,29.98,29.84,29.7,10,9,4,28,10,35,0.09,"Rain , Thunderstorm"
6/23/2015,82,73,63,70,55,48,87,60,33,30.09,29.99,29.77,10,10,10,22,10,29,0,
6/24/2015,79,70,60,62,58,53,84,67,50,30.15,30.1,30.03,10,10,10,15,5,18,0.001,
6/25/2015,79,70,61,67,64,55,93,78,62,30.02,29.96,29.93,10,8,2,15,7,21,1.01,"Rain , Thunderstorm"
6/26/2015,67,63,58,61,58,54,97,89,81,30.02,29.99,29.94,10,6,0,16,9,21,0.13,Rain
6/27/2015,76,66,56,56,50,45,87,60,33,30,29.97,29.94,10,10,10,20,9,24,0,
6/28/2015,79,67,54,62,54,47,93,64,35,29.94,29.88,29.81,10,10,7,14,4,19,0.02,Rain
6/29/2015,75,70,64,65,63,60,93,79,64,29.82,29.79,29.77,10,7,3,13,4,16,0.62,"Rain , Thunderstorm"
6/30/2015,77,67,57,64,60,53,93,76,58,29.91,29.81,29.75,10,9,2,17,9,23,0.17,Rain
7/1/2015,69,62,54,55,51,49,86,72,57,30,29.96,29.92,10,10,10,14,7,22,0,
7/2/2015,69,61,53,55,52,48,93,76,59,30.01,30,29.97,10,9,2,17,9,21,0,
7/3/2015,77,66,55,56,53,48,86,66,46,29.99,29.95,29.91,10,10,10,12,4,14,0,
7/4/2015,81,70,59,57,56,53,84,62,39,30.03,29.98,29.94,10,9,3,10,4,15,0,
7/5/2015,83,72,60,62,59,55,90,68,46,30.09,30.04,29.99,10,6,1,13,5,17,0,
7/6/2015,85,75,64,72,67,61,93,79,65,30.01,29.91,29.82,10,7,3,26,10,32,0.49,"Rain , Thunderstorm"
7/7/2015,71,63,55,69,55,45,93,71,48,30.11,29.96,29.81,10,7,1,25,14,32,0.27,Rain
7/8/2015,67,61,54,58,54,48,93,78,63,30.12,30.04,29.93,10,8,2,13,8,17,0.07,Rain
7/9/2015,77,68,58,59,56,50,97,69,41,30.06,29.98,29.87,10,7,1,14,7,16,0.001,Rain
7/10/2015,83,71,59,60,56,53,100,69,37,30.12,30.09,30.05,10,9,5,12,4,15,0,
7/11/2015,78,70,61,67,60,55,90,70,50,30.15,30.1,30.01,10,10,8,13,5,18,0.03,Rain
7/12/2015,83,76,69,68,66,65,90,74,58,30.02,29.97,29.88,10,8,3,14,6,18,0.001,
7/13/2015,86,77,68,77,69,61,90,78,65,29.88,29.72,29.54,10,9,1,32,10,40,0.42,"Rain , Thunderstorm"
7/14/2015,83,72,61,67,63,49,84,70,55,29.91,29.68,29.54,10,10,10,24,13,36,0,
7/15/2015,75,67,59,58,52,45,78,59,40,30.04,29.99,29.91,10,10,10,16,9,19,0,
7/16/2015,75,67,58,70,64,54,100,82,64,30.04,29.9,29.78,10,7,2,21,8,26,0.97,"Rain , Thunderstorm"
7/17/2015,92,82,71,75,71,68,100,76,52,29.82,29.76,29.73,10,9,4,23,8,33,0.06,"Rain , Thunderstorm"
7/18/2015,89,81,73,76,72,69,93,79,65,29.89,29.83,29.76,10,10,2,23,8,30,0.54,"Rain , Thunderstorm"
7/19/2015,85,75,65,72,67,57,87,67,47,29.9,29.86,29.83,10,10,10,21,8,27,0,
7/20/2015,85,74,63,69,64,61,87,68,48,29.89,29.8,29.73,10,10,10,17,9,22,0.001,
7/21/2015,82,74,65,62,55,50,78,57,35,29.94,29.86,29.77,10,10,10,18,9,22,0,
7/22/2015,83,74,64,60,55,52,81,59,37,29.98,29.95,29.93,10,10,9,12,5,14,0,
7/23/2015,85,74,63,60,57,55,78,58,37,30.01,29.99,29.96,10,10,10,12,4,16,0,
7/24/2015,84,74,64,64,61,59,87,67,46,30.04,29.98,29.92,10,10,9,18,7,26,0,
7/25/2015,91,80,69,73,68,62,84,61,38,29.94,29.91,29.87,10,10,10,16,8,20,0,
7/26/2015,80,72,64,69,65,61,87,73,58,29.96,29.94,29.92,10,10,10,12,5,17,0.001,Rain
7/27/2015,88,78,67,72,64,59,90,65,39,30.01,29.98,29.94,10,10,9,17,9,22,0,
7/28/2015,91,79,67,74,68,64,90,70,50,29.99,29.94,29.86,10,10,10,17,6,23,0,
7/29/2015,88,79,70,74,63,49,87,57,26,30.01,29.95,29.9,10,10,10,21,11,26,0.001,Rain
7/30/2015,88,77,65,60,56,51,78,54,29,30.05,30.02,29.98,10,10,10,23,12,28,0,
7/31/2015,87,77,67,63,54,48,78,53,27,30.01,29.97,29.92,10,10,10,26,12,34,0,
8/1/2015,87,76,64,65,57,52,69,52,35,29.98,29.94,29.87,10,10,10,22,11,30,0,
8/2/2015,91,79,67,73,67,60,84,63,41,29.87,29.75,29.63,10,9,1,37,14,52,0.53,"Rain , Thunderstorm"
8/3/2015,82,75,67,67,57,47,93,61,28,29.9,29.82,29.73,10,10,10,20,10,26,0,
8/4/2015,82,72,61,58,54,50,84,60,36,30.03,29.95,29.9,10,10,10,18,8,23,0,
8/5/2015,82,72,61,64,57,52,90,63,36,30.05,30.02,29.98,10,10,10,16,6,20,0,
8/6/2015,83,74,64,65,61,56,87,64,40,29.97,29.94,29.9,10,10,10,14,7,18,0,
8/7/2015,83,73,63,63,59,56,87,65,42,29.93,29.89,29.84,10,10,10,18,9,23,0,
8/8/2015,82,75,68,66,64,61,90,74,58,29.98,29.91,29.82,10,10,6,17,7,19,0,
8/9/2015,80,74,67,68,66,64,93,78,62,29.99,29.95,29.89,10,7,3,14,5,18,0.001,Rain
8/10/2015,84,76,68,70,67,65,93,74,55,29.91,29.86,29.83,10,8,4,23,6,28,0.02,Rain
8/11/2015,82,74,65,65,59,51,93,68,43,30.09,30.03,29.91,10,10,10,18,7,22,0,
8/12/2015,81,71,61,61,59,54,84,63,42,30.18,30.13,30.09,10,10,10,14,5,17,0,
8/13/2015,85,75,65,65,61,59,81,63,44,30.12,30.07,30.02,10,10,10,18,10,26,0,
8/14/2015,90,79,67,70,66,60,82,66,50,30.14,30.08,30.04,10,10,4,29,10,40,0.21,"Rain , Thunderstorm"
8/15/2015,92,80,67,73,68,60,87,70,52,30.13,30.09,30.04,10,10,10,18,5,22,0.14,"Rain , Thunderstorm"
8/16/2015,89,80,71,71,68,64,93,70,46,30.12,30.06,30.01,10,10,7,17,7,23,0,
8/17/2015,88,78,68,70,67,64,90,68,46,30.05,29.99,29.94,10,9,2,23,7,30,0.12,"Rain , Thunderstorm"
8/18/2015,83,75,67,72,67,65,97,78,58,29.94,29.8,29.68,10,9,4,26,9,32,0.4,"Rain , Thunderstorm"
8/19/2015,75,69,62,68,61,53,97,72,46,29.74,29.69,29.62,10,10,10,22,13,31,0.001,Rain
8/20/2015,74,67,59,56,52,48,84,63,41,30.01,29.82,29.7,10,10,10,26,14,35,0,
8/21/2015,82,69,55,60,55,52,86,64,42,30.09,30.06,30.03,10,10,10,17,8,23,0,
8/22/2015,81,71,60,58,56,53,84,62,39,30.11,30.05,29.96,10,10,10,22,10,30,0,
8/23/2015,77,69,61,68,58,51,84,65,46,29.95,29.87,29.83,10,10,7,24,12,34,0.001,Rain
8/24/2015,75,65,55,51,48,44,77,56,35,29.99,29.94,29.89,10,10,10,29,14,36,0,
8/25/2015,72,66,59,53,50,46,72,61,49,30.08,30.01,29.96,10,10,10,16,9,20,0,
8/26/2015,67,62,56,53,52,51,86,72,58,30.18,30.14,30.07,10,10,10,12,6,14,0,
8/27/2015,76,64,51,56,53,50,100,73,46,30.22,30.16,30.12,10,10,9,16,4,21,0,
8/28/2015,72,64,56,63,58,55,87,77,66,30.14,30.1,30.06,10,10,8,12,5,14,0,
8/29/2015,70,67,63,67,64,60,100,91,81,30.07,30.02,29.99,10,5,2,13,6,16,0.74,Rain
8/30/2015,77,70,62,65,63,61,100,80,60,30.08,30.04,30,10,6,3,9,4,15,0,
8/31/2015,85,73,60,68,65,61,100,78,55,30.07,30.04,30,10,5,0,13,3,18,0,Fog
9/1/2015,88,78,68,73,71,68,97,78,59,30.04,30.01,29.98,10,9,5,16,7,22,0,
9/2/2015,90,81,72,70,68,66,90,69,47,30.05,29.99,29.93,10,10,10,18,7,23,0.001,
9/3/2015,91,81,71,70,68,66,87,69,50,29.95,29.92,29.86,10,10,7,21,9,24,0,
9/4/2015,85,77,68,69,67,66,90,76,61,30.05,30,29.95,10,10,10,14,5,17,0,
9/5/2015,87,78,69,69,68,66,97,74,51,30.12,30.06,30.03,10,10,7,16,7,20,0,
9/6/2015,92,81,70,68,66,63,84,63,41,30.07,30.02,29.95,10,10,9,20,10,27,0,
9/7/2015,88,82,76,70,67,65,74,64,53,29.99,29.95,29.92,10,10,10,14,7,17,0.001,
9/8/2015,81,75,68,72,70,66,93,81,69,29.94,29.85,29.77,10,8,0,28,9,35,1.04,"Fog , Rain , Thunderstorm"
9/9/2015,77,68,58,66,57,47,93,65,36,30.02,29.97,29.89,10,10,10,14,6,22,0,
9/10/2015,74,64,54,60,58,54,97,73,49,29.99,29.94,29.89,10,10,4,22,6,27,0.21,"Rain , Thunderstorm"
9/11/2015,67,61,54,59,55,47,90,75,60,30.05,29.98,29.91,10,9,4,24,11,28,0.17,Rain
9/12/2015,65,58,50,48,45,40,83,62,40,30.07,30.04,30.01,10,10,10,20,11,24,0.001,
9/13/2015,70,59,48,46,45,42,93,65,37,30.06,30.02,29.97,10,10,10,17,7,23,0,
9/14/2015,82,67,52,54,51,45,77,57,37,30.09,30.03,30,10,10,10,24,13,31,0,
9/15/2015,82,72,62,56,53,49,68,51,33,30.22,30.17,30.1,10,10,10,21,12,26,0,
9/16/2015,83,70,56,57,54,50,80,60,39,30.23,30.16,30.08,10,10,10,21,11,26,0,
9/17/2015,85,73,61,68,62,55,90,71,51,30.08,29.96,29.81,10,9,1,37,12,48,0.36,"Rain , Thunderstorm"
9/18/2015,74,70,65,70,68,65,100,92,84,29.88,29.82,29.7,10,7,1,31,7,43,2.41,"Rain , Thunderstorm"
9/19/2015,71,62,53,68,56,43,93,65,37,30.12,29.88,29.67,10,9,0,28,10,33,0.05,"Fog , Rain , Thunderstorm"
9/20/2015,73,62,50,53,49,43,93,66,39,30.22,30.16,30.12,10,10,10,14,4,17,0,
9/21/2015,74,63,52,54,49,44,100,69,38,30.18,30.13,30.09,10,10,8,14,5,20,0,
9/22/2015,80,67,53,55,52,48,100,68,35,30.22,30.17,30.11,10,10,9,10,4,12,0,
9/23/2015,80,69,57,57,53,48,86,61,35,30.27,30.24,30.2,10,10,9,14,4,17,0,
9/24/2015,76,66,56,60,57,55,93,72,50,30.28,30.24,30.22,10,10,9,12,6,19,0,
9/25/2015,73,67,60,62,60,58,100,83,66,30.26,30.23,30.21,10,9,6,18,9,22,0,
9/26/2015,75,68,60,61,58,53,90,72,53,30.27,30.21,30.15,10,10,8,15,8,19,0,
9/27/2015,74,68,61,63,61,54,93,78,63,30.14,30.08,30.02,10,10,7,12,7,14,0.001,
9/28/2015,77,71,64,66,64,63,93,79,64,30.03,29.98,29.92,10,10,9,12,4,14,0,
9/29/2015,68,62,55,63,56,46,93,83,72,30.14,30.03,29.91,10,8,2,29,15,34,0.4,Rain
9/30/2015,61,57,52,46,43,41,72,61,49,30.25,30.2,30.13,10,10,10,25,16,33,0,
10/1/2015,59,56,52,44,42,41,68,61,53,30.35,30.3,30.26,10,10,10,28,18,36,0,
10/2/2015,60,56,51,47,41,39,71,60,49,30.36,30.33,30.28,10,10,10,25,19,38,0,
10/3/2015,54,51,48,47,42,37,93,76,59,30.25,30.21,30.19,10,8,3,25,17,37,0.01,Rain
10/4/2015,57,54,50,53,49,45,89,85,80,30.21,30.19,30.18,10,10,10,17,11,25,0,
10/5/2015,60,58,55,55,54,53,93,89,84,30.21,30.17,30.14,10,7,4,10,7,19,0,
10/6/2015,71,63,55,56,54,50,100,75,49,30.19,30.14,30.09,10,8,3,12,5,19,0.001,
10/7/2015,71,63,54,56,54,50,93,75,57,30.16,30.13,30.08,10,10,7,15,7,19,0,
10/8/2015,77,64,50,62,55,48,89,68,47,30.12,29.96,29.85,10,10,4,21,8,26,0.05,Rain
10/9/2015,64,56,47,59,49,44,93,78,62,30.25,30.1,29.9,10,10,7,20,10,25,0,
10/10/2015,65,54,42,46,44,41,96,70,44,30.25,30.13,29.95,10,10,7,15,6,20,0,
10/11/2015,79,65,51,53,48,44,77,58,39,29.93,29.78,29.64,10,10,10,23,13,29,0,
10/12/2015,75,64,53,56,47,39,78,53,27,29.61,29.52,29.45,10,10,10,31,16,41,0,
10/13/2015,63,55,47,45,41,38,80,64,48,29.86,29.71,29.57,10,10,10,23,12,30,0,
10/14/2015,63,53,42,42,38,35,86,61,36,30.04,29.97,29.86,10,10,10,17,8,21,0,
10/15/2015,69,58,46,41,34,21,71,46,20,30.15,30.01,29.92,10,10,10,33,11,44,0.001,Rain
10/16/2015,55,46,37,34,29,26,70,53,35,30.34,30.25,30.15,10,10,10,21,11,26,0,
10/17/2015,53,43,33,28,23,17,70,49,28,30.49,30.41,30.34,10,10,10,21,9,25,0,
10/18/2015,60,47,33,36,28,24,75,52,28,30.51,30.42,30.32,10,10,10,12,6,14,0,
10/19/2015,73,60,47,38,32,26,49,38,26,30.3,30.12,29.99,10,10,10,28,19,38,0,
10/20/2015,74,66,57,55,41,36,86,58,29,30.13,30.07,30.02,10,10,8,20,10,27,0.11,Rain
10/21/2015,75,64,52,58,54,48,89,70,50,30.12,30.08,30,10,10,10,22,11,28,0.01,Rain
10/22/2015,62,57,51,54,46,39,86,67,47,30.3,30.24,30.12,10,10,10,13,7,19,0,
10/23/2015,64,58,52,61,49,42,93,75,56,30.27,30.07,29.89,10,9,4,18,12,23,0.16,Rain
10/24/2015,66,56,46,63,56,42,100,86,71,30.13,29.87,29.77,10,9,2,26,14,37,0.3,Rain
10/25/2015,62,52,41,41,38,33,89,62,34,30.38,30.32,30.16,10,10,10,13,4,17,0,
10/26/2015,61,49,37,45,40,37,92,67,42,30.42,30.36,30.31,10,10,10,14,6,18,0,
10/27/2015,56,53,50,50,44,40,96,78,59,30.3,30.09,29.75,10,9,2,26,14,32,0.49,Rain
10/28/2015,56,47,37,55,47,28,100,82,64,29.74,29.48,29.39,10,6,2,31,15,42,0.33,Rain
10/29/2015,47,42,36,39,33,28,82,74,65,29.98,29.69,29.52,10,10,10,28,16,36,0.001,
10/30/2015,56,46,36,42,38,34,100,76,51,30.15,30.08,30,10,10,10,15,7,18,0,
10/31/2015,52,49,45,50,45,39,100,86,71,30.03,29.81,29.67,10,6,2,22,11,28,0.77,Rain
11/1/2015,63,54,44,45,42,36,93,65,36,29.98,29.88,29.75,10,10,9,20,10,23,0,
11/2/2015,72,60,47,46,44,39,93,62,31,30.01,29.97,29.92,10,10,10,22,11,29,0,
11/3/2015,70,57,44,55,50,42,100,79,57,30.13,30.09,30.02,10,8,2,17,6,22,0,
11/4/2015,71,60,48,59,56,48,100,83,66,30.15,30.1,30.04,10,4,0,18,8,23,0,Fog
11/5/2015,70,65,59,61,58,53,97,77,57,30.04,29.89,29.66,10,10,8,31,16,41,0.001,Rain
11/6/2015,65,53,41,62,43,36,90,77,63,30.19,29.93,29.62,10,9,2,30,15,39,0.16,Rain
11/7/2015,53,44,35,36,32,28,85,65,44,30.42,30.31,30.2,10,10,10,22,10,28,0,
11/8/2015,52,40,28,31,28,27,92,67,41,30.47,30.39,30.31,10,10,7,13,4,16,0,
11/9/2015,56,43,29,35,30,24,92,61,30,30.31,30.23,30.13,10,10,9,10,2,13,0,
11/10/2015,56,44,32,35,31,29,89,64,38,30.15,30.07,29.98,10,10,8,10,4,12,0,
11/11/2015,63,50,36,51,44,31,85,68,51,29.98,29.61,29.29,10,8,2,36,14,46,0.42,"Rain , Thunderstorm"
11/12/2015,56,49,42,51,37,29,96,77,57,29.88,29.59,29.24,10,9,4,36,24,50,0.001,Rain
11/13/2015,47,40,32,28,26,22,75,57,38,30.26,30.07,29.89,10,10,10,31,15,43,0,
11/14/2015,57,41,25,35,29,22,85,62,38,30.32,30.23,30.16,10,10,10,21,9,26,0,
11/15/2015,64,54,44,36,34,32,62,47,31,30.25,30.2,30.17,10,10,10,20,10,25,0,
11/16/2015,57,50,43,46,40,34,93,67,40,30.16,30.11,30.05,10,8,2,24,12,29,0.12,Rain
11/17/2015,61,54,47,55,50,46,93,83,72,30.04,29.88,29.68,10,8,2,28,18,35,0.63,Rain
11/18/2015,62,55,47,56,47,39,86,72,57,29.68,29.55,29.45,10,10,5,38,21,49,0.2,Rain
11/19/2015,47,41,35,40,27,17,83,60,36,30.13,29.89,29.66,10,10,10,33,19,46,0.001,
11/20/2015,40,36,31,31,23,13,92,63,33,30.3,30.25,30.14,10,6,0,17,9,23,0.28,"Fog , Snow"
11/21/2015,33,26,18,32,27,13,100,87,74,30.23,30.07,29.93,10,3,0,29,12,35,1.16,"Fog , Snow"
11/22/2015,27,17,7,21,14,8,92,77,62,30.24,30.16,30.04,10,10,8,18,9,22,0,
11/23/2015,37,31,25,28,24,20,85,78,70,30.21,30.07,29.97,10,10,10,14,9,17,0,
11/24/2015,41,31,21,32,28,22,92,81,70,30.35,30.29,30.22,10,9,7,14,7,16,0,
11/25/2015,52,41,29,41,34,28,92,75,58,30.26,30.21,30.17,10,10,9,26,15,35,0.001,
11/26/2015,60,54,48,55,51,43,93,81,68,30.25,30.19,30.13,10,8,3,24,16,33,0.42,Rain
11/27/2015,56,45,34,54,36,29,93,88,82,30.44,30.33,30.13,10,5,2,25,16,31,0.84,Rain
11/28/2015,38,34,30,29,27,24,85,75,64,30.42,30.39,30.35,10,10,10,17,10,22,0.001,
11/29/2015,41,33,25,32,27,19,85,70,55,30.4,30.35,30.27,10,10,10,14,8,20,0,
11/30/2015,44,41,38,41,35,27,89,74,59,30.26,30.06,29.86,10,8,2,23,11,27,0.26,Rain
12/1/2015,43,40,37,43,36,29,100,80,60,29.85,29.82,29.79,10,8,2,21,10,29,0.18,"Rain , Thunderstorm"
12/2/2015,38,35,31,33,30,25,100,85,69,30.08,29.8,29.72,10,5,0,17,9,22,0.21,"Fog , Rain , Snow"
12/3/2015,35,33,30,31,30,27,89,86,82,30.43,30.3,30.09,10,8,6,17,11,22,0,
12/4/2015,47,40,32,37,33,31,100,80,60,30.61,30.53,30.41,10,6,2,17,8,21,0,
12/5/2015,46,38,29,34,31,29,100,79,58,30.65,30.58,30.46,10,4,0,13,8,18,0,Fog
12/6/2015,47,37,27,35,32,27,100,80,60,30.45,30.31,30.2,10,7,3,12,5,14,0,
12/7/2015,39,33,27,37,33,27,100,93,85,30.26,30.17,30.01,5,2,0,18,7,23,0.001,"Fog , Snow"
12/8/2015,47,43,38,42,38,34,92,84,76,30.02,29.88,29.71,10,8,5,18,11,22,0,
12/9/2015,52,46,40,43,40,36,100,82,63,29.78,29.71,29.64,10,9,5,16,8,19,0,
12/10/2015,57,49,41,42,38,37,82,67,51,29.75,29.58,29.44,10,10,10,35,17,44,0,
12/11/2015,51,46,41,43,36,33,80,68,56,29.84,29.78,29.61,10,10,10,17,8,23,0.001,
12/12/2015,57,52,47,52,47,43,100,90,80,30,29.92,29.8,10,3,0,10,3,17,0.001,"Fog , Rain"
12/13/2015,61,55,48,59,56,48,100,92,84,29.94,29.75,29.42,10,6,0,28,14,35,0.85,"Fog , Rain"
12/14/2015,61,52,42,57,46,38,93,85,76,29.59,29.33,29.21,10,9,2,35,16,48,0.39,Rain
12/15/2015,43,41,39,40,35,32,86,80,73,29.95,29.83,29.58,10,10,10,18,10,23,0.001,Rain
12/16/2015,53,44,35,45,37,25,96,75,53,29.87,29.69,29.52,10,9,3,26,16,37,0.12,Rain
12/17/2015,35,32,28,27,22,20,78,67,56,29.96,29.87,29.72,10,10,10,24,14,33,0,
12/18/2015,32,28,24,23,17,12,88,69,50,30.14,30,29.94,10,10,3,29,13,36,0.001,Snow
12/19/2015,30,23,15,17,12,7,81,64,47,30.41,30.34,30.16,10,10,10,21,12,26,0,
12/20/2015,50,37,23,37,28,19,81,62,42,30.31,30.03,29.85,10,10,7,28,16,37,0.03,Rain
12/21/2015,52,47,41,49,44,38,100,91,82,29.83,29.74,29.67,10,5,0,23,12,30,0.67,Rain
12/22/2015,41,38,35,40,35,32,100,93,85,29.88,29.82,29.71,10,6,0,21,9,24,0.02,
12/23/2015,59,50,40,57,50,34,100,83,66,29.68,29.36,29.11,10,5,0,39,17,53,0.49,"Fog , Rain , Thunderstorm"
12/24/2015,42,38,34,35,31,27,85,78,70,30.07,29.87,29.46,10,10,10,31,12,41,0,
12/25/2015,44,38,32,35,32,30,92,77,62,30.38,30.28,30.07,10,10,7,17,8,23,0,
12/26/2015,42,40,37,42,38,33,100,87,73,30.31,30.1,30,10,4,0,23,10,27,0.21,"Fog , Rain"
12/27/2015,40,38,35,39,32,25,100,82,64,30.38,30.24,30.05,10,9,3,25,17,34,0.14,"Rain , Snow"
12/28/2015,39,35,31,38,30,25,100,85,69,30.34,29.88,29.46,10,4,1,31,19,42,1.47,"Rain , Snow"
12/29/2015,39,34,29,37,29,24,100,89,78,30.18,29.87,29.48,10,8,2,21,11,27,0.001,Snow
12/30/2015,29,28,27,25,23,21,92,84,75,30.25,30.19,30.16,10,7,0,15,9,18,0.09,"Fog , Snow"
12/31/2015,28,25,22,22,18,15,81,72,63,30.32,30.27,30.21,10,10,9,20,13,26,0.001,Snow
1/1/2016,31,25,19,22,18,12,77,73,68,30.23,30.17,30.12,10,10,9,22,14,28,0.001,Snow
1/2/2016,32,26,20,23,19,16,84,74,63,30.14,30.06,29.95,10,10,10,23,12,32,0,
1/3/2016,29,26,22,21,19,16,81,75,68,30.3,30.17,29.96,10,10,10,21,12,25,0.001,Snow
1/4/2016,31,27,22,24,19,16,78,68,58,30.56,30.45,30.3,10,9,3,20,10,23,0.001,Snow
1/5/2016,33,25,17,22,18,12,84,70,56,30.57,30.48,30.37,10,10,10,21,10,25,0,
1/6/2016,36,29,21,28,23,17,84,70,56,30.36,30.27,30.19,10,10,10,16,9,19,0,
1/7/2016,41,38,34,30,27,25,76,68,59,30.17,30.07,29.95,10,10,10,13,7,18,0.01,
1/8/2016,42,39,36,41,38,30,100,88,76,29.93,29.77,29.7,10,4,1,10,6,12,0.19,Rain
1/9/2016,40,32,23,40,33,19,100,92,84,29.86,29.79,29.74,8,3,0,26,10,32,0.27,"Fog , Rain , Snow"
1/10/2016,23,13,2,19,6,-6,84,78,72,30.12,29.97,29.75,10,10,7,28,18,37,0.001,Snow
1/11/2016,24,12,-1,21,11,-7,96,84,72,30.14,29.86,29.65,10,4,1,26,10,35,0.11,Snow
1/12/2016,20,12,3,13,2,-6,76,70,63,30.22,29.95,29.67,10,8,1,26,16,34,0.01,Snow
1/13/2016,25,12,-2,19,6,-6,87,78,68,30.24,30.01,29.8,10,10,8,18,9,23,0.001,Snow
1/14/2016,44,34,24,37,30,19,85,74,62,29.78,29.65,29.51,10,10,10,21,10,29,0,
1/15/2016,43,37,30,38,32,24,92,84,76,29.67,29.47,29.37,10,8,2,23,13,28,0.01,Rain
1/16/2016,30,20,9,24,16,0,81,69,57,30.01,29.86,29.66,10,10,10,25,14,32,0,
1/17/2016,8,4,-1,-2,-8,-11,69,62,54,30.27,30.13,30.01,10,10,9,24,16,30,0,
1/18/2016,7,2,-4,-5,-8,-12,72,64,55,30.4,30.34,30.27,10,10,10,20,14,26,0,
1/19/2016,17,9,0,4,-2,-9,75,61,47,30.57,30.48,30.41,10,10,10,15,6,18,0,
1/20/2016,23,18,12,14,12,8,92,76,59,30.38,30.29,30.2,10,7,1,9,4,11,0.05,Snow
1/21/2016,29,19,9,17,14,9,92,75,58,30.41,30.35,30.31,10,9,6,8,3,12,0,
1/22/2016,30,25,19,23,20,15,88,76,63,30.3,30.25,30.2,10,6,2,17,11,21,0.02,Snow
1/23/2016,33,27,20,24,20,18,88,72,56,30.26,30.18,30.06,10,10,9,14,6,18,0.001,Snow
1/24/2016,34,29,24,25,21,16,92,77,61,30.06,29.98,29.92,10,8,6,20,8,24,0,
1/25/2016,41,33,24,39,31,21,93,79,64,29.93,29.74,29.61,10,7,2,25,10,32,0.13,Rain
1/26/2016,36,30,24,34,24,17,85,74,63,30.23,29.97,29.65,10,9,4,28,17,35,0.02,"Rain , Snow"
1/27/2016,34,29,23,25,19,14,81,67,53,30.27,30.1,29.79,10,10,9,29,13,38,0.001,Snow
1/28/2016,39,34,29,30,25,16,82,68,53,29.86,29.72,29.64,10,10,10,22,15,29,0.001,
1/29/2016,35,28,20,26,16,10,69,55,41,30.04,29.9,29.68,10,10,10,23,11,30,0.001,Snow
1/30/2016,46,41,35,38,33,28,89,75,60,29.71,29.67,29.62,10,10,10,20,9,25,0.001,Rain
1/31/2016,48,41,33,45,38,31,100,93,85,29.86,29.62,29.46,10,7,4,18,8,24,0.02,Rain
2/1/2016,45,38,30,32,30,28,92,75,58,30.13,30.03,29.87,10,9,6,10,5,16,0,
2/2/2016,38,35,32,37,34,30,100,91,82,30.15,29.73,29.46,7,3,0,33,11,40,0.79,"Fog , Rain , Thunderstorm"
2/3/2016,37,33,28,36,31,22,100,88,75,30.08,29.67,29.46,10,8,0,23,13,30,0.02,"Fog , Rain , Snow"
2/4/2016,32,26,19,21,17,13,81,64,47,30.28,30.2,30.06,10,10,10,16,9,21,0,
2/5/2016,34,30,25,25,21,16,85,66,47,30.39,30.34,30.27,10,10,8,17,7,19,0.001,
2/6/2016,41,32,24,29,25,21,85,75,60,30.32,30.21,30.06,10,9,7,17,8,22,0,
2/7/2016,43,38,32,33,29,27,82,71,60,30.04,29.81,29.7,10,10,9,22,13,29,0,
2/8/2016,32,26,20,29,22,15,92,83,74,29.77,29.69,29.6,10,7,1,20,11,25,0.02,Snow
2/9/2016,21,17,13,15,10,5,84,73,61,29.98,29.84,29.72,10,6,1,20,15,26,0.02,Snow
2/10/2016,18,14,9,5,2,0,69,59,49,30.21,30.08,29.98,10,10,10,21,11,26,0,
2/11/2016,21,14,7,7,2,-3,69,55,41,30.36,30.3,30.21,10,10,10,15,7,18,0,
2/12/2016,23,15,7,11,3,-8,67,53,39,30.51,30.26,30.15,10,10,7,30,17,37,0.001,Snow
2/13/2016,17,10,2,-3,-7,-11,62,50,37,30.63,30.57,30.49,10,10,10,21,9,26,0,
2/14/2016,18,14,9,14,9,-2,84,67,49,30.48,30.2,30,10,5,0,22,12,25,0.1,"Fog , Snow"
2/15/2016,27,23,18,24,20,15,100,91,81,30.01,29.9,29.81,9,4,2,12,7,14,0.01,Snow
2/16/2016,33,29,24,28,25,18,92,78,63,30.01,29.87,29.79,10,6,1,14,5,18,0.04,Snow
2/17/2016,34,28,21,25,18,8,88,62,35,30.39,30.26,30.03,10,9,6,13,6,15,0,
2/18/2016,42,33,23,31,26,18,81,71,60,30.41,30.22,29.9,10,10,9,26,15,35,0,
2/19/2016,62,52,41,45,37,32,67,57,47,29.86,29.66,29.46,10,10,10,45,27,62,0,
2/20/2016,57,48,38,35,32,27,79,61,43,30.02,29.89,29.78,10,10,10,22,12,29,0,
2/21/2016,41,35,29,33,30,26,89,77,64,30.22,30.13,30.02,10,10,10,17,9,22,0,
2/22/2016,44,35,26,30,27,25,92,73,53,30.21,30.17,30.12,10,10,10,13,4,15,0,
2/23/2016,45,36,26,29,26,21,100,70,40,30.17,30.08,29.95,10,9,6,17,7,24,0,
2/24/2016,36,34,32,30,28,24,92,78,64,29.91,29.65,29.57,10,4,0,32,23,44,0.15,"Fog , Snow"
2/25/2016,37,34,31,26,21,16,75,62,49,30.18,29.97,29.72,10,10,3,28,17,34,0.001,Snow
2/26/2016,33,29,24,23,18,14,72,59,45,30.29,30.21,30.12,10,10,10,15,9,18,0.001,
2/27/2016,54,41,28,37,27,22,78,57,35,30.09,29.9,29.74,10,10,8,24,15,32,0,
2/28/2016,62,49,36,45,37,28,82,66,50,29.78,29.58,29.43,10,10,7,31,20,41,0.08,Rain
2/29/2016,52,40,28,33,26,21,82,66,50,30.06,29.94,29.79,10,10,9,24,15,31,0.001,Rain
3/1/2016,30,24,18,27,21,10,92,80,67,30.09,29.88,29.75,10,6,0,26,17,34,0.1,"Fog , Rain , Snow"
3/2/2016,32,22,11,24,9,2,74,55,36,30.22,30.15,30.11,10,9,2,15,7,18,0.001,Snow
3/3/2016,33,30,27,29,26,18,92,78,63,30.14,30.08,30.04,10,5,1,15,9,19,0.07,Snow
3/4/2016,39,30,20,27,21,15,92,68,44,30.24,30.15,30.06,10,8,1,18,7,21,0.07,Snow
3/5/2016,39,34,29,34,29,26,92,81,70,30.28,30.1,29.98,10,7,3,15,8,21,0.001,
3/6/2016,52,43,33,37,32,26,82,68,54,30.29,30.1,29.91,10,9,7,26,14,31,0,
3/7/2016,63,54,44,49,43,35,77,66,55,29.91,29.87,29.83,10,10,10,23,13,27,0.03,Rain
3/8/2016,70,64,58,55,52,47,78,66,53,29.91,29.86,29.8,10,10,10,26,17,34,0.001,Rain
3/9/2016,63,56,48,57,53,42,100,86,71,30.01,29.88,29.78,10,9,4,22,10,27,0.18,Rain
3/10/2016,51,44,37,41,38,34,85,72,59,30.28,30.11,30.01,10,10,9,13,7,18,0,
3/11/2016,55,45,34,35,33,31,92,69,46,30.4,30.33,30.27,10,10,10,12,5,16,0,
3/12/2016,59,46,33,44,40,31,100,77,53,30.24,30.12,29.97,10,7,2,12,5,14,0.001,Rain
3/13/2016,48,46,43,45,43,39,100,88,76,29.96,29.79,29.66,10,5,1,20,9,27,0.66,Rain
3/14/2016,55,49,43,46,44,41,100,87,74,29.79,29.7,29.65,10,6,1,14,5,16,0.01,Rain
3/15/2016,58,52,46,54,48,42,93,83,72,29.79,29.66,29.36,10,7,2,28,13,33,0.14,"Rain , Thunderstorm"
3/16/2016,56,51,45,54,40,30,93,66,38,29.79,29.53,29.34,10,10,5,41,23,53,0.04,"Rain , Thunderstorm"
3/17/2016,56,48,40,31,28,24,70,51,32,29.93,29.84,29.78,10,10,10,30,15,41,0,
3/18/2016,49,41,32,33,29,23,82,64,45,30.16,30.07,29.95,10,10,10,16,9,23,0,
3/19/2016,46,41,35,32,30,27,82,68,53,30.23,30.17,30.11,10,10,10,17,9,24,0,
3/20/2016,44,37,30,29,25,21,82,63,43,30.23,30.18,30.14,10,10,10,18,8,25,0,
3/21/2016,49,39,28,29,24,20,78,57,36,30.2,30.12,29.98,10,10,10,14,7,18,0,
3/22/2016,63,52,40,38,33,30,76,56,36,29.96,29.76,29.63,10,10,10,23,12,28,0,
3/23/2016,42,39,36,38,36,34,100,88,76,29.88,29.82,29.76,10,6,2,21,15,28,0.11,Rain
3/24/2016,39,35,30,38,33,23,100,86,72,29.89,29.63,29.49,10,5,1,24,15,33,1.09,"Rain , Snow"
3/25/2016,48,38,28,32,27,23,89,69,49,30.15,30.05,29.91,10,10,10,13,7,18,0,
3/26/2016,54,43,31,37,33,29,96,71,46,30.2,30.13,30.07,10,10,8,15,8,19,0,
3/27/2016,63,50,36,43,39,34,92,70,48,30.07,29.91,29.83,10,9,4,21,10,25,0.32,Rain
3/28/2016,53,44,35,39,36,30,89,67,44,30.23,30.05,29.88,10,10,10,21,10,26,0,
3/29/2016,58,45,31,36,30,26,92,62,32,30.34,30.26,30.13,10,10,6,17,7,21,0,
3/30/2016,62,52,42,56,44,31,93,72,51,30.11,29.77,29.5,10,10,5,28,16,36,0.13,"Rain , Thunderstorm"
3/31/2016,67,56,44,58,52,40,92,79,66,29.59,29.4,29.25,10,9,2,36,17,44,0.39,"Rain , Thunderstorm"
4/1/2016,49,42,35,40,35,23,89,72,54,29.83,29.72,29.61,10,9,2,26,9,33,0.08,Rain
4/2/2016,40,34,27,30,24,11,75,57,39,30.04,29.68,29.49,10,6,0,43,18,54,0.02,"Fog , Snow"
4/3/2016,71,49,26,42,28,15,70,50,29,30.05,29.81,29.52,10,10,10,35,17,46,0.001,
4/4/2016,38,34,29,29,24,19,75,69,63,30.42,30.15,29.81,10,10,5,24,13,30,0.001,Snow
4/5/2016,45,35,24,33,21,11,81,54,27,30.49,30.33,30,10,10,6,23,11,28,0.02,Rain
4/6/2016,50,45,40,46,41,31,93,82,70,29.91,29.6,29.5,10,7,2,23,10,27,0.31,"Rain , Thunderstorm"
4/7/2016,41,37,33,38,31,23,85,70,54,29.88,29.67,29.53,10,9,2,23,14,30,0.06,"Rain , Snow"
4/8/2016,41,34,26,35,27,16,82,68,54,30.02,29.86,29.77,10,6,0,32,14,40,0.1,"Fog , Rain , Snow"
4/9/2016,38,30,22,18,14,8,74,52,29,30.29,30.2,30.06,10,10,10,22,12,27,0.001,
4/10/2016,50,42,33,49,36,19,100,78,56,30.12,29.84,29.73,10,7,2,25,15,37,0.1,"Rain , Snow"
4/11/2016,51,44,36,49,34,20,100,66,31,30.16,29.9,29.74,10,8,4,24,12,35,0,
4/12/2016,47,39,30,26,22,18,69,52,34,30.39,30.33,30.19,10,10,10,15,8,19,0,
4/13/2016,56,45,34,33,29,25,70,53,35,30.36,30.31,30.25,10,10,10,17,7,21,0,
4/14/2016,61,49,37,33,28,25,79,53,27,30.32,30.25,30.18,10,10,10,16,8,19,0,
4/15/2016,68,55,42,37,33,27,65,48,31,30.25,30.22,30.19,10,10,10,14,8,16,0,
4/16/2016,76,59,41,44,40,35,76,54,31,30.32,30.28,30.23,10,10,7,15,7,19,0,
4/17/2016,79,62,45,43,39,36,76,50,24,30.41,30.35,30.31,10,10,10,18,5,21,0,
4/18/2016,83,66,49,44,40,37,74,48,21,30.32,30.26,30.18,10,10,10,15,5,18,0,
4/19/2016,57,52,46,45,42,39,76,71,66,30.25,30.21,30.17,10,10,10,21,12,24,0,
4/20/2016,71,61,51,56,46,36,93,66,38,30.17,30.03,29.93,10,9,4,18,10,23,0.48,Rain
4/21/2016,70,60,50,58,53,43,100,69,37,29.89,29.83,29.76,10,7,2,30,7,36,0.01,Rain
4/22/2016,54,48,41,49,41,34,93,77,61,30.17,30.01,29.84,10,8,2,25,12,30,0.001,
4/23/2016,60,49,38,43,38,34,86,69,51,30.22,30.14,30.06,10,10,10,13,7,21,0,
4/24/2016,78,60,41,53,46,36,86,63,40,30.05,29.93,29.8,10,10,10,18,9,24,0,
4/25/2016,83,71,58,61,54,50,77,58,39,29.81,29.67,29.56,10,10,8,25,13,35,0.08,"Rain , Hail , Thunderstorm"
4/26/2016,68,55,42,55,42,38,100,84,68,29.94,29.84,29.66,10,6,1,23,14,29,0,
4/27/2016,49,45,41,43,39,34,89,80,70,29.98,29.89,29.81,10,8,3,23,14,28,0.47,Rain
4/28/2016,50,46,42,42,41,39,100,87,74,30.02,29.89,29.8,10,7,2,22,11,28,0.45,"Rain , Thunderstorm"
4/29/2016,51,46,41,42,39,37,100,83,66,30.15,30.09,30.01,10,8,3,17,9,22,0.01,Rain
4/30/2016,48,46,43,45,42,37,100,86,71,30.11,29.99,29.91,10,5,2,23,13,30,0.61,Rain
5/1/2016,49,46,42,45,44,42,100,93,86,30.02,29.98,29.9,10,4,0,17,12,30,0.51,"Rain , Thunderstorm"
5/2/2016,59,51,42,42,37,31,92,65,38,30.08,30.04,30,10,10,10,18,10,24,0,
5/3/2016,67,54,40,41,37,34,76,57,37,30,29.88,29.65,10,10,10,18,9,25,0.001,Rain
5/4/2016,57,50,42,47,41,34,86,71,56,29.89,29.73,29.61,10,9,2,29,14,39,0.4,Rain
5/5/2016,61,51,41,43,37,33,73,60,47,30.02,29.96,29.88,10,10,10,22,9,29,0,
5/6/2016,82,62,42,49,44,38,83,56,28,30,29.89,29.72,10,10,10,16,8,21,0.001,
5/7/2016,70,57,44,55,39,17,78,51,23,29.89,29.78,29.65,10,10,8,32,13,41,0.02,"Rain , Thunderstorm"
5/8/2016,71,56,41,41,35,28,70,46,22,29.96,29.92,29.89,10,10,10,14,6,18,0,
5/9/2016,58,54,50,51,47,41,100,81,61,29.98,29.94,29.91,10,7,1,25,13,30,0.59,Rain
5/10/2016,63,57,51,59,54,51,100,95,90,29.97,29.9,29.87,7,3,1,21,9,25,0.8,Rain
5/11/2016,69,60,51,60,55,52,100,87,73,30.06,30.01,29.96,9,3,0,13,7,16,0.19,"Fog , Rain , Thunderstorm"
5/12/2016,70,62,53,63,56,44,100,76,52,29.97,29.92,29.89,10,6,1,23,11,30,0.48,"Rain , Thunderstorm"
5/13/2016,66,55,43,53,47,41,100,71,42,30.02,29.91,29.8,10,8,2,29,10,37,0.68,Rain
5/14/2016,47,44,41,41,33,28,83,66,49,30.06,29.96,29.85,10,10,8,24,14,30,0,Rain
5/15/2016,55,45,35,32,28,23,82,57,32,30.15,30.11,30.06,10,10,10,22,10,31,0,
5/16/2016,70,58,46,45,38,31,62,47,31,30.15,30.1,30.06,10,10,10,23,14,29,0.001,Rain
5/17/2016,57,51,44,45,39,29,71,56,41,30.27,30.21,30.14,10,10,10,20,10,23,0.001,Rain
5/18/2016,65,53,41,46,38,29,71,60,48,30.26,30.23,30.2,10,10,10,15,7,19,0,
5/19/2016,69,54,39,40,33,26,85,54,22,30.23,30.19,30.15,10,10,9,14,5,16,0,
5/20/2016,68,56,44,43,39,34,83,59,35,30.19,30.14,30.09,10,10,10,15,7,20,0,
5/21/2016,75,64,53,43,36,28,57,38,19,30.13,30.09,30.07,10,10,10,21,8,25,0,
5/22/2016,77,65,53,44,43,40,66,49,31,30.09,30.05,30,10,10,10,14,8,20,0,
5/23/2016,81,65,48,47,43,37,86,56,25,30.05,29.98,29.9,10,10,10,18,7,21,0,
5/24/2016,86,73,60,58,50,43,64,46,27,30,29.95,29.9,10,10,10,22,11,28,0,
5/25/2016,86,75,64,65,63,58,100,72,44,30,29.94,29.86,10,8,2,32,10,39,0.95,"Rain , Thunderstorm"
5/26/2016,83,73,62,67,64,61,93,72,51,29.94,29.88,29.8,10,9,5,16,8,22,0,
5/27/2016,81,74,66,70,66,63,93,74,54,29.91,29.86,29.8,10,9,2,28,12,38,0.13,"Rain , Thunderstorm"
5/28/2016,81,73,64,66,64,59,93,77,60,29.96,29.89,29.84,10,10,3,24,15,33,0.13,Thunderstorm
5/29/2016,79,71,63,62,60,56,93,69,45,30,29.97,29.94,10,10,10,22,11,27,0,
5/30/2016,87,75,63,60,57,51,78,54,29,30.02,29.98,29.94,10,10,10,16,7,22,0,
5/31/2016,83,73,63,63,59,53,87,65,42,30.04,29.98,29.94,10,8,1,29,8,38,0.56,"Rain , Thunderstorm"
6/1/2016,79,71,62,66,62,57,93,72,50,29.97,29.94,29.88,10,8,3,14,7,18,0.42,Rain
6/2/2016,79,68,57,56,53,50,87,62,37,30.04,30,29.96,10,10,10,17,7,23,0,
6/3/2016,84,70,55,57,54,49,93,64,35,30.07,30.02,29.95,10,10,10,12,4,15,0,
6/4/2016,72,67,62,65,61,54,93,75,57,29.94,29.8,29.67,10,8,3,15,7,19,0.41,Rain
6/5/2016,79,70,61,63,57,50,93,65,37,29.71,29.66,29.63,10,10,10,23,12,33,0.05,Rain
6/6/2016,82,71,59,61,52,43,97,63,28,29.73,29.66,29.61,10,10,10,26,13,35,0,
6/7/2016,67,59,51,51,48,45,80,64,48,29.91,29.84,29.73,10,10,10,17,10,22,0,
6/8/2016,70,61,52,52,47,43,83,65,47,30.02,29.99,29.9,10,10,10,15,7,18,0,
6/9/2016,72,63,53,63,55,47,93,75,56,30.03,29.99,29.92,10,10,4,15,7,18,0.21,Rain
6/10/2016,90,77,63,68,63,60,100,69,38,30,29.93,29.85,10,9,5,22,10,31,0.1,"Fog , Rain , Thunderstorm"
6/11/2016,91,81,71,70,65,61,73,57,41,29.98,29.92,29.87,10,10,10,17,8,23,0,
6/12/2016,79,69,59,70,43,31,74,49,23,30.19,30.11,29.98,10,10,10,26,13,31,0,
6/13/2016,86,70,54,61,51,46,86,59,32,30.1,29.98,29.87,10,10,10,15,5,20,0.02,
6/14/2016,87,76,64,70,63,54,82,67,51,29.88,29.83,29.75,10,10,10,18,9,23,0.001,
6/15/2016,90,79,68,71,68,63,97,71,44,29.77,29.73,29.68,10,9,2,24,10,32,0.3,"Rain , Thunderstorm"
6/16/2016,77,70,63,64,60,55,84,71,58,29.96,29.84,29.71,10,10,10,22,12,29,0.001,
6/17/2016,85,73,61,57,53,49,90,60,29,30.13,30.05,29.96,10,10,10,15,9,19,0,
6/18/2016,87,73,58,55,52,48,72,50,27,30.23,30.19,30.12,10,10,10,16,5,20,0,
6/19/2016,89,76,62,63,58,55,73,54,34,30.22,30.16,30.07,10,10,10,17,7,25,0,
6/20/2016,93,82,70,71,64,49,71,53,34,30.07,30.02,29.95,10,10,10,24,14,31,0.001,Rain
6/21/2016,84,74,64,53,50,46,67,48,28,30.02,29.97,29.88,10,10,2,21,9,28,0,
6/22/2016,76,72,67,68,64,54,100,77,53,29.98,29.83,29.72,10,8,0,36,8,41,1.31,"Fog , Rain , Thunderstorm"
6/23/2016,78,71,64,68,64,54,100,84,67,29.98,29.86,29.77,10,7,0,16,8,25,0,Fog
6/24/2016,82,72,62,62,57,53,84,63,42,30.09,30.05,29.99,10,10,10,15,7,18,0,
6/25/2016,89,77,65,71,65,55,87,69,50,30.09,30.03,29.96,10,10,10,18,10,25,0,
6/26/2016,90,81,72,72,66,56,87,61,34,30.02,29.98,29.93,10,10,4,17,9,23,0.03,Rain
6/27/2016,90,80,69,64,60,54,84,57,29,30.06,30.01,29.97,10,10,10,24,11,32,0,
6/28/2016,71,64,57,61,53,36,81,55,28,30.18,30.13,30.07,10,10,10,21,11,24,0,
6/29/2016,81,68,55,53,49,46,86,60,33,30.16,30.1,30.04,10,10,8,14,6,19,0,
6/30/2016,78,68,57,60,53,48,78,59,40,30.05,29.98,29.89,10,10,10,17,7,21,0.001,
7/1/2016,72,66,59,60,54,46,93,71,48,30.15,30.04,29.89,10,10,10,20,10,24,0,
7/2/2016,76,65,54,52,48,44,83,58,33,30.19,30.14,30.11,10,10,10,17,4,21,0,
7/3/2016,77,66,55,59,54,49,86,62,38,30.1,30.04,29.97,10,10,10,18,9,22,0,
7/4/2016,79,73,66,65,62,56,84,73,61,29.95,29.87,29.81,10,9,7,13,7,23,0,
7/5/2016,87,77,66,68,65,63,93,72,51,29.9,29.86,29.83,10,10,7,14,8,19,0,
7/6/2016,88,78,67,70,67,64,93,72,50,29.9,29.83,29.74,10,8,1,43,9,51,0.87,"Rain , Thunderstorm"
7/7/2016,84,77,70,71,69,67,93,78,62,29.86,29.81,29.75,10,8,1,18,6,23,1.05,Rain
7/8/2016,86,77,68,71,66,56,100,69,37,29.89,29.81,29.78,10,5,0,25,11,34,0,Fog
7/9/2016,79,72,65,61,58,54,81,66,50,30.06,30,29.88,10,10,10,18,9,23,0,
7/10/2016,82,71,60,62,58,54,84,62,40,30.09,30.03,29.94,10,10,10,16,5,22,0,
7/11/2016,90,80,69,71,68,62,78,67,55,29.96,29.92,29.87,10,10,10,22,12,26,0,
7/12/2016,88,81,74,71,68,64,87,67,46,29.89,29.83,29.78,10,10,9,21,12,27,0,
7/13/2016,84,76,68,74,69,65,97,81,65,29.92,29.85,29.71,10,10,9,26,10,34,0.06,"Rain , Thunderstorm"
7/14/2016,88,78,67,67,62,55,93,64,35,29.91,29.85,29.82,10,10,9,30,14,40,0,
7/15/2016,75,68,60,63,59,56,90,74,57,30.09,30.01,29.9,10,8,2,15,8,21,0.14,Rain
7/16/2016,77,67,57,57,55,51,93,67,40,30.17,30.11,30.07,10,10,10,15,6,18,0,
7/17/2016,83,72,61,75,64,53,85,72,58,30.08,30,29.94,10,9,1,25,11,32,0.25,"Rain , Thunderstorm"
7/18/2016,88,80,71,71,65,57,93,65,36,30.17,30.11,30.01,10,10,10,13,5,15,0,
7/19/2016,91,80,68,66,63,60,87,64,40,30.24,30.19,30.15,10,10,10,14,5,16,0,
7/20/2016,88,79,69,71,67,62,90,71,51,30.19,30.15,30.08,10,10,8,13,6,17,0,
7/21/2016,91,82,72,77,72,66,94,77,59,30.07,30.03,29.93,10,8,1,28,9,35,1.03,"Rain , Thunderstorm"
7/22/2016,90,81,72,76,71,67,93,76,59,30.02,29.98,29.95,10,10,10,28,7,34,0.01,Rain
7/23/2016,91,81,70,76,72,68,93,76,59,30.05,29.96,29.89,10,8,1,32,7,41,1.11,"Rain , Thunderstorm"
7/24/2016,93,82,71,78,71,62,93,79,64,29.96,29.88,29.83,10,9,1,29,12,37,0.94,"Rain , Thunderstorm"
7/25/2016,89,81,72,69,65,60,87,63,38,30,29.97,29.94,10,10,10,14,7,20,0,
7/26/2016,88,79,69,66,63,61,84,64,43,30.05,30.02,29.98,10,10,10,12,4,16,0,
7/27/2016,89,79,68,66,63,61,84,62,40,30.01,29.96,29.89,10,10,10,14,4,18,0,
7/28/2016,84,77,70,72,69,64,93,79,65,29.92,29.89,29.86,10,8,2,17,6,22,0.66,"Rain , Thunderstorm"
7/29/2016,81,76,70,70,68,66,97,83,69,29.94,29.92,29.88,10,9,4,17,8,20,0.11,"Rain , Thunderstorm"
7/30/2016,78,73,68,67,65,63,90,77,64,30,29.97,29.91,10,10,10,16,9,22,0,
7/31/2016,81,73,65,66,64,63,93,74,54,30.06,30.02,29.98,10,10,7,13,7,16,0,
8/1/2016,84,75,65,67,65,63,93,74,54,30.09,30.06,30.02,10,10,10,15,6,18,0,
8/2/2016,87,77,67,68,66,64,90,68,46,30.09,30.06,30.02,10,10,9,14,5,17,0,
8/3/2016,90,80,69,68,66,64,84,65,46,30.06,30.03,29.98,10,10,10,14,4,16,0,
8/4/2016,91,81,70,70,66,63,90,66,41,29.99,29.93,29.85,10,10,7,26,6,34,0.02,Rain
8/5/2016,86,79,72,70,67,60,87,66,44,29.93,29.88,29.78,10,10,10,16,8,22,0.001,Rain
8/6/2016,84,75,66,62,59,56,81,61,40,30,29.96,29.94,10,10,10,14,7,18,0,
8/7/2016,83,73,62,63,60,55,90,63,36,30.07,30.03,30,10,10,10,15,6,21,0,
8/8/2016,84,78,72,64,61,58,73,58,43,30.06,30.02,29.98,10,10,10,16,10,22,0,
8/9/2016,88,78,67,64,61,56,79,59,39,30.02,29.99,29.95,10,10,10,12,5,15,0,
8/10/2016,89,79,69,68,66,65,84,66,48,30.09,30.04,29.99,10,10,10,15,5,20,0,
8/11/2016,92,83,73,74,70,66,87,69,51,30.02,29.92,29.84,10,10,9,26,9,33,0,
8/12/2016,83,79,74,75,73,70,100,85,70,29.86,29.82,29.77,10,7,1,17,6,24,0.96,"Rain , Thunderstorm"
8/13/2016,84,78,72,74,70,65,100,78,55,29.93,29.79,29.72,10,9,3,20,9,24,0.001,
8/14/2016,87,76,65,66,64,60,93,68,42,30.07,30,29.94,10,10,10,13,4,16,0,
8/15/2016,78,73,67,69,67,64,93,80,67,30.09,30.01,29.93,10,10,10,20,8,24,0.001,
8/16/2016,88,80,71,70,67,59,93,66,39,30.08,30,29.91,10,10,8,13,7,17,0.02,Rain
8/17/2016,88,79,70,69,66,64,90,68,46,30.09,30.05,30,10,10,10,17,6,24,0.05,
8/18/2016,85,78,70,72,70,67,93,77,61,30.08,30.01,29.91,10,8,1,22,7,31,0.75,"Rain , Thunderstorm"
8/19/2016,84,75,66,70,66,64,87,71,55,29.99,29.89,29.8,10,10,7,29,9,37,0.07,"Rain , Thunderstorm"
8/20/2016,80,72,63,72,67,57,93,78,62,29.81,29.67,29.59,10,9,2,29,12,34,0.47,"Rain , Thunderstorm"
8/21/2016,76,67,58,56,54,49,93,67,41,30.08,29.91,29.75,10,10,10,20,10,25,0,
8/22/2016,78,67,56,58,53,50,86,63,40,30.19,30.14,30.09,10,10,10,14,5,26,0,
8/23/2016,81,71,60,62,60,57,90,71,51,30.21,30.15,30.06,10,10,10,20,12,24,0,
8/24/2016,84,77,70,73,69,62,93,79,65,30.06,29.97,29.89,10,8,2,25,11,32,0.23,Rain
8/25/2016,85,76,67,72,68,63,93,72,51,30.07,30,29.94,10,10,6,13,6,16,0.09,"Rain , Thunderstorm"
8/26/2016,81,74,66,65,61,58,87,68,48,30.18,30.12,30.08,10,10,6,14,7,23,0.14,"Rain , Thunderstorm"
8/27/2016,84,76,67,71,69,64,100,83,65,30.1,30.05,29.99,10,8,2,15,7,19,0.84,Rain
8/28/2016,83,77,71,71,69,68,93,78,63,30.21,30.16,30.08,10,10,9,15,6,19,0,Thunderstorm
8/29/2016,86,78,70,73,70,68,97,77,57,30.24,30.2,30.15,10,8,1,17,5,21,0.43,"Rain , Thunderstorm"
8/30/2016,84,77,70,72,70,66,100,80,59,30.17,30.11,30.01,10,8,2,25,4,28,0.19,"Rain , Thunderstorm"
8/31/2016,76,70,63,67,60,51,90,67,43,30.1,30.06,30.02,10,10,10,22,11,29,0,
9/1/2016,73,68,62,61,57,53,84,69,53,30.22,30.17,30.1,10,10,10,24,12,30,0.001,
9/2/2016,74,68,62,59,55,51,84,65,46,30.29,30.23,30.2,10,10,10,16,8,20,0,
9/3/2016,76,66,56,59,56,53,93,70,46,30.25,30.19,30.15,10,10,10,13,6,17,0,
9/4/2016,80,70,59,59,57,55,90,68,45,30.2,30.15,30.11,10,10,10,17,8,21,0,
9/5/2016,87,75,62,71,65,58,90,70,50,30.12,30.07,30.01,10,10,10,23,9,29,0,
9/6/2016,91,83,75,74,72,70,87,70,52,30.06,30.02,29.96,10,10,10,21,10,28,0.001,
9/7/2016,89,82,74,76,72,69,85,70,55,30.01,29.95,29.87,10,9,2,29,10,38,0.39,"Rain , Thunderstorm"
9/8/2016,82,76,70,72,70,65,93,78,62,29.93,29.87,29.82,10,10,10,18,8,24,0.05,Rain
9/9/2016,81,72,63,71,65,58,93,75,57,29.94,29.91,29.84,10,10,10,18,5,22,0.001,
9/10/2016,73,66,59,66,60,52,93,71,49,30.09,29.88,29.79,10,9,4,26,11,33,0.01,Rain
9/11/2016,76,64,51,54,51,47,93,65,36,30.22,30.15,30.1,10,10,10,13,6,17,0,
9/12/2016,79,67,54,56,53,50,86,63,39,30.13,30.08,30.01,10,10,10,20,9,25,0,
9/13/2016,85,75,65,66,61,55,87,67,47,30.13,30.04,30.01,10,10,10,16,9,21,0.001,Rain
9/14/2016,74,69,64,63,58,52,93,70,46,30.25,30.21,30.14,10,10,5,14,8,18,0.09,Rain
9/15/2016,78,69,60,60,58,56,90,69,47,30.25,30.18,30.09,10,10,10,16,8,25,0,
9/16/2016,83,74,65,68,62,56,79,69,58,30.07,29.96,29.88,10,10,10,24,12,35,0.01,
9/17/2016,82,74,64,67,61,50,93,70,31,29.94,29.9,29.86,10,9,5,18,8,26,0.04,Rain
9/18/2016,81,69,57,59,55,51,90,65,39,30.01,29.96,29.94,10,10,10,9,4,11,0,
9/19/2016,88,72,56,63,53,47,80,53,25,30.07,30,29.94,10,10,10,20,8,27,0,
9/20/2016,83,75,66,64,55,43,93,60,26,30.17,30.13,30.07,10,10,10,16,8,22,0.001,Rain
9/21/2016,74,70,65,66,63,61,93,83,73,30.24,30.16,30.02,10,9,2,30,7,34,0.55,"Rain , Thunderstorm"
9/22/2016,81,73,64,67,64,62,93,76,58,30.1,30.04,29.97,10,10,7,13,5,16,0.001,
9/23/2016,73,70,67,67,65,63,90,82,73,30.14,30.08,29.99,10,9,3,17,10,24,0.001,
9/24/2016,74,70,66,64,62,61,87,78,68,30.19,30.15,30.11,10,10,10,14,9,19,0,
9/25/2016,85,74,63,69,63,52,93,74,55,30.11,30,29.86,10,10,10,23,10,29,0.01,Rain
9/26/2016,69,63,56,54,41,32,72,49,25,29.99,29.95,29.9,10,10,10,29,15,36,0.001,Rain
9/27/2016,70,61,51,46,37,30,72,49,26,29.89,29.8,29.74,10,10,10,28,14,37,0,
9/28/2016,60,55,50,55,49,44,86,72,57,30.08,29.94,29.77,10,9,3,28,12,33,0.31,"Rain , Thunderstorm"
9/29/2016,65,62,59,60,57,55,90,84,78,30.23,30.16,30.07,10,9,2,24,16,31,0.2,Rain
9/30/2016,64,62,60,60,59,57,90,87,84,30.17,30.12,30.04,10,8,2,20,11,24,0.1,Rain
10/1/2016,64,61,57,60,58,55,100,92,84,30.04,30,29.97,10,7,2,14,7,16,0.94,"Rain , Thunderstorm"
10/2/2016,65,61,56,59,57,55,100,87,73,30.09,30.05,30,10,7,0,12,6,14,0.03,"Fog , Rain"
10/3/2016,67,62,57,58,56,53,93,78,63,30.12,30.09,30.06,10,10,10,9,5,11,0,
10/4/2016,75,68,60,58,56,54,90,70,49,30.08,30.03,29.96,10,10,10,16,9,20,0,
10/5/2016,80,70,59,61,57,53,84,63,42,30.07,29.95,29.91,10,10,10,20,10,26,0.001,
10/6/2016,74,66,58,68,63,54,100,87,73,30.11,30.06,29.99,10,9,3,15,6,19,0.25,"Rain , Thunderstorm"
10/7/2016,70,59,47,62,52,37,90,71,52,30.21,30.07,29.96,10,10,10,22,11,29,0.001,
10/8/2016,65,53,40,47,39,36,83,62,40,30.31,30.26,30.21,10,10,10,18,6,25,0,
10/9/2016,63,55,47,49,46,43,89,70,51,30.37,30.32,30.26,10,10,7,16,8,19,0,
10/10/2016,71,58,45,51,46,40,100,72,44,30.36,30.3,30.21,10,10,10,12,6,14,0,
10/11/2016,73,64,54,52,50,48,86,64,41,30.22,30.13,30.03,10,10,10,23,10,28,0.001,Rain
10/12/2016,69,57,45,61,53,41,87,72,56,30.19,30,29.9,10,8,3,24,14,29,0.14,"Rain , Thunderstorm"
10/13/2016,57,48,38,40,35,32,86,64,41,30.35,30.28,30.19,10,10,10,15,4,19,0,
10/14/2016,66,52,38,44,41,37,92,68,44,30.31,30.22,30.09,10,10,7,18,8,23,0,
10/15/2016,70,62,53,62,56,47,93,83,73,30.08,29.99,29.91,10,8,2,26,14,33,0.001,Rain
10/16/2016,72,69,65,65,63,60,93,85,76,29.91,29.87,29.81,10,9,3,18,9,27,0.29,"Rain , Thunderstorm"
10/17/2016,82,75,67,66,64,60,93,72,51,29.8,29.61,29.45,10,10,10,31,19,44,0,
10/18/2016,76,66,55,63,56,46,78,60,41,29.96,29.68,29.48,10,10,10,26,11,36,0,
10/19/2016,71,60,49,52,46,42,83,61,38,30.13,30.07,29.97,10,10,9,14,4,15,0.02,Rain
10/20/2016,56,51,45,51,44,34,89,75,60,30.19,30.13,30.07,10,10,10,22,14,28,0,
10/21/2016,54,46,37,35,32,28,76,60,44,30.2,30.16,30.14,10,10,10,20,12,26,0,
10/22/2016,60,49,37,42,35,30,80,62,43,30.14,30.07,29.98,10,10,10,15,7,21,0,
10/23/2016,73,57,41,50,43,31,100,63,26,30.12,29.96,29.83,10,10,7,25,11,32,0,
10/24/2016,59,49,39,48,40,36,83,65,47,30.42,30.32,30.14,10,10,10,18,7,24,0,
10/25/2016,54,45,36,43,38,35,86,68,50,30.47,30.41,30.34,10,10,9,17,7,23,0.001,Rain
10/26/2016,51,48,45,49,44,37,100,81,61,30.35,30.08,29.96,10,5,1,30,13,36,1.6,"Rain , Thunderstorm"
10/27/2016,51,47,42,48,41,37,100,83,66,30.27,30.17,29.98,10,9,2,18,7,23,0.001,
10/28/2016,65,52,38,57,47,37,100,86,71,30.27,30.11,29.9,10,10,6,24,12,33,0,
10/29/2016,71,64,56,61,57,50,93,82,70,30.01,29.92,29.87,10,10,7,21,11,28,0,
10/30/2016,56,49,41,52,48,39,93,82,71,30.25,30.11,29.98,10,9,2,21,10,24,0.5,"Rain , Thunderstorm"
10/31/2016,58,48,38,54,43,37,93,77,61,30.22,30.07,29.86,10,10,10,16,7,23,0,
11/1/2016,75,68,61,58,57,55,84,69,53,30.02,29.9,29.82,10,10,10,21,9,27,0.001,
11/2/2016,65,60,55,59,57,54,97,88,78,30.14,30.09,30.04,10,6,2,18,7,24,0.18,"Rain , Thunderstorm"
11/3/2016,67,58,48,53,50,45,100,73,45,30.35,30.2,30.13,10,6,1,13,5,24,0,
11/4/2016,63,52,40,45,43,41,96,72,48,30.46,30.39,30.34,10,10,10,12,4,14,0,
11/5/2016,68,56,43,49,45,41,89,71,52,30.36,30.32,30.27,10,10,10,14,7,17,0,
11/6/2016,69,56,42,48,46,42,100,72,44,30.38,30.33,30.3,10,10,5,9,3,12,0,
11/7/2016,66,54,42,46,42,40,96,70,43,30.34,30.28,30.2,10,10,9,13,6,16,0,
11/8/2016,63,56,49,51,44,37,83,65,46,30.3,30.2,30.14,10,10,7,21,10,25,0.03,Rain
11/9/2016,58,50,41,37,34,30,79,58,36,30.35,30.29,30.22,10,10,10,16,8,20,0,
11/10/2016,63,52,41,39,36,31,70,55,39,30.21,30.05,29.93,10,10,10,24,13,34,0,
11/11/2016,52,45,37,39,34,31,79,63,46,30.46,30.32,30.04,10,10,10,26,13,35,0.001,
11/12/2016,52,42,31,33,31,29,89,69,48,30.48,30.38,30.25,10,10,10,15,7,20,0,
11/13/2016,56,46,35,33,31,29,75,55,35,30.24,30.12,29.99,10,10,10,20,10,30,0,
11/14/2016,60,51,41,44,38,32,92,73,53,30.01,29.9,29.85,10,10,9,15,6,18,0,
11/15/2016,54,46,38,46,43,37,100,86,71,29.93,29.88,29.86,9,5,0,9,4,11,0,Fog
11/16/2016,60,50,39,46,42,38,100,78,55,29.96,29.92,29.87,10,8,5,12,5,13,0,
11/17/2016,72,58,44,51,47,42,92,70,47,29.9,29.79,29.7,10,9,5,23,15,29,0,
11/18/2016,66,53,39,59,46,27,84,68,52,29.89,29.78,29.69,10,9,2,30,18,43,0.2,"Rain , Thunderstorm"
11/19/2016,39,34,28,28,21,16,75,61,47,30.32,30.15,29.9,10,10,9,31,18,41,0.01,Snow
11/20/2016,35,29,23,17,15,14,68,58,47,30.39,30.33,30.3,10,10,10,22,9,26,0,
11/21/2016,41,32,22,25,19,14,81,58,34,30.36,30.32,30.3,10,10,10,10,4,11,0,
11/22/2016,41,33,25,30,27,23,88,74,59,30.35,30.28,30.18,10,10,10,17,9,21,0.02,Rain
11/23/2016,44,41,37,43,39,29,100,85,70,30.16,29.99,29.89,10,4,1,17,10,21,0.21,Rain
11/24/2016,43,39,35,39,34,31,92,84,76,30.27,30.17,29.99,10,10,6,17,9,22,0.001,Rain
11/25/2016,42,37,31,35,33,29,92,81,70,30.35,30.3,30.25,10,9,6,16,8,21,0.001,Rain
11/26/2016,47,40,32,37,33,29,85,75,65,30.37,30.28,30.14,10,10,9,15,7,21,0,
11/27/2016,44,38,32,38,35,31,100,88,76,30.13,29.96,29.71,10,5,2,23,10,29,0.05,Rain
11/28/2016,51,46,41,49,44,37,100,92,83,29.69,29.41,29.16,10,7,2,25,17,34,0.99,Rain
11/29/2016,57,51,44,46,41,39,86,69,51,29.59,29.49,29.26,10,10,9,22,13,31,0,
11/30/2016,45,40,34,39,30,29,92,81,70,29.68,29.63,29.57,10,10,9,21,11,28,0.001,Rain